ISO-10303-21;
HEADER;
/* Generated by software containing ST-Developer
 * from STEP Tools, Inc. (www.steptools.com) 
 */

FILE_DESCRIPTION(
/* description */ ('FreeCAD Model'),
/* implementation_level */ '2;1');

FILE_NAME(
/* name */ 'Parametric Keycap.step',
/* time_stamp */ '2026-03-05T07:56:21+01:00',
/* author */ (''),
/* organization */ (''),
/* preprocessor_version */ 'ST-DEVELOPER v20.1',
/* originating_system */ 'Autodesk Translation Framework v14.21.0.0',
/* authorisation */ '');

FILE_SCHEMA (('AUTOMOTIVE_DESIGN { 1 0 10303 214 3 1 1 }'));
ENDSEC;

DATA;
#10=MECHANICAL_DESIGN_GEOMETRIC_PRESENTATION_REPRESENTATION('',(#35,#36,
#37),#4337);
#11=CONTEXT_DEPENDENT_OVER_RIDING_STYLED_ITEM('',(#4371),#4352,#37,(#18));
#12=CONTEXT_DEPENDENT_OVER_RIDING_STYLED_ITEM('',(#4371),#4351,#37,(#17));
#13=MAPPED_ITEM('',#14,#2141);
#14=REPRESENTATION_MAP(#2141,#4350);
#15=ITEM_DEFINED_TRANSFORMATION($,$,#1990,#2139);
#16=ITEM_DEFINED_TRANSFORMATION($,$,#2049,#2140);
#17=(
REPRESENTATION_RELATIONSHIP($,$,#4351,#4350)
REPRESENTATION_RELATIONSHIP_WITH_TRANSFORMATION(#15)
SHAPE_REPRESENTATION_RELATIONSHIP()
);
#18=(
REPRESENTATION_RELATIONSHIP($,$,#4352,#4350)
REPRESENTATION_RELATIONSHIP_WITH_TRANSFORMATION(#16)
SHAPE_REPRESENTATION_RELATIONSHIP()
);
#19=CONTEXT_DEPENDENT_SHAPE_REPRESENTATION(#17,#4348);
#20=CONTEXT_DEPENDENT_SHAPE_REPRESENTATION(#18,#4349);
#21=NEXT_ASSEMBLY_USAGE_OCCURRENCE('Cover:1','Cover:1','Cover:1',#4354,
#4355,'Cover:1');
#22=NEXT_ASSEMBLY_USAGE_OCCURRENCE('Base:1','Base:1','Base:1',#4354,#4356,
'Base:1');
#23=B_SPLINE_SURFACE_WITH_KNOTS('',3,3,((#3888,#3889,#3890,#3891,#3892),
(#3893,#3894,#3895,#3896,#3897),(#3898,#3899,#3900,#3901,#3902),(#3903,
#3904,#3905,#3906,#3907),(#3908,#3909,#3910,#3911,#3912)),.UNSPECIFIED.,
 .F.,.F.,.F.,(4,1,4),(4,1,4),(0.,0.571428571428571,1.),(-0.775738643137335,
-0.110819806162476,0.775738643137336),.UNSPECIFIED.);
#24=B_SPLINE_SURFACE_WITH_KNOTS('',3,3,((#3918,#3919,#3920,#3921,#3922),
(#3923,#3924,#3925,#3926,#3927),(#3928,#3929,#3930,#3931,#3932),(#3933,
#3934,#3935,#3936,#3937),(#3938,#3939,#3940,#3941,#3942)),.UNSPECIFIED.,
 .F.,.F.,.F.,(4,1,4),(4,1,4),(0.,0.571428571428571,1.),(-0.775738643137338,
-0.110819806162477,0.775738643137338),.UNSPECIFIED.);
#25=B_SPLINE_SURFACE_WITH_KNOTS('',3,3,((#3951,#3952,#3953,#3954,#3955),
(#3956,#3957,#3958,#3959,#3960),(#3961,#3962,#3963,#3964,#3965),(#3966,
#3967,#3968,#3969,#3970),(#3971,#3972,#3973,#3974,#3975)),.UNSPECIFIED.,
 .F.,.F.,.F.,(4,1,4),(4,1,4),(0.,0.571428571428571,1.),(-0.775738643137336,
-0.110819806162477,0.775738643137336),.UNSPECIFIED.);
#26=B_SPLINE_SURFACE_WITH_KNOTS('',3,3,((#3987,#3988,#3989,#3990,#3991),
(#3992,#3993,#3994,#3995,#3996),(#3997,#3998,#3999,#4000,#4001),(#4002,
#4003,#4004,#4005,#4006),(#4007,#4008,#4009,#4010,#4011)),.UNSPECIFIED.,
 .F.,.F.,.F.,(4,1,4),(4,1,4),(0.,0.571428571428571,1.),(-0.775738643137338,
-0.110819806162478,0.775738643137336),.UNSPECIFIED.);
#27=B_SPLINE_SURFACE_WITH_KNOTS('',13,1,((#4186,#4187),(#4188,#4189),(#4190,
#4191),(#4192,#4193),(#4194,#4195),(#4196,#4197),(#4198,#4199),(#4200,#4201),
(#4202,#4203),(#4204,#4205),(#4206,#4207),(#4208,#4209),(#4210,#4211),(#4212,
#4213)),.UNSPECIFIED.,.T.,.F.,.F.,(14,14),(2,2),(0.,6.28318530718),(0.,
1.),.UNSPECIFIED.);
#28=B_SPLINE_SURFACE_WITH_KNOTS('',13,1,((#4223,#4224),(#4225,#4226),(#4227,
#4228),(#4229,#4230),(#4231,#4232),(#4233,#4234),(#4235,#4236),(#4237,#4238),
(#4239,#4240),(#4241,#4242),(#4243,#4244),(#4245,#4246),(#4247,#4248),(#4249,
#4250)),.UNSPECIFIED.,.T.,.F.,.F.,(14,14),(2,2),(0.,6.28318530718),(0.,
1.),.UNSPECIFIED.);
#29=B_SPLINE_SURFACE_WITH_KNOTS('',13,1,((#4258,#4259),(#4260,#4261),(#4262,
#4263),(#4264,#4265),(#4266,#4267),(#4268,#4269),(#4270,#4271),(#4272,#4273),
(#4274,#4275),(#4276,#4277),(#4278,#4279),(#4280,#4281),(#4282,#4283),(#4284,
#4285)),.UNSPECIFIED.,.T.,.F.,.F.,(14,14),(2,2),(0.,6.28318530718),(0.,
1.),.UNSPECIFIED.);
#30=B_SPLINE_SURFACE_WITH_KNOTS('',13,1,((#4293,#4294),(#4295,#4296),(#4297,
#4298),(#4299,#4300),(#4301,#4302),(#4303,#4304),(#4305,#4306),(#4307,#4308),
(#4309,#4310),(#4311,#4312),(#4313,#4314),(#4315,#4316),(#4317,#4318),(#4319,
#4320)),.UNSPECIFIED.,.T.,.F.,.F.,(14,14),(2,2),(0.,6.28318530718),(0.,
1.),.UNSPECIFIED.);
#31=SHAPE_REPRESENTATION_RELATIONSHIP('SRR','None',#4351,#33);
#32=SHAPE_REPRESENTATION_RELATIONSHIP('SRR','None',#4352,#34);
#33=ADVANCED_BREP_SHAPE_REPRESENTATION('',(#38),#4335);
#34=ADVANCED_BREP_SHAPE_REPRESENTATION('',(#39),#4336);
#35=STYLED_ITEM('',(#4371),#38);
#36=STYLED_ITEM('',(#4369),#39);
#37=STYLED_ITEM('',(#4372),#13);
#38=MANIFOLD_SOLID_BREP('Body1',#1964);
#39=MANIFOLD_SOLID_BREP('Body1',#1965);
#40=FACE_BOUND('',#270,.T.);
#41=FACE_BOUND('',#280,.T.);
#42=FACE_BOUND('',#287,.T.);
#43=FACE_BOUND('',#293,.T.);
#44=FACE_BOUND('',#299,.T.);
#45=FACE_BOUND('',#330,.T.);
#46=FACE_BOUND('',#356,.T.);
#47=FACE_BOUND('',#367,.T.);
#48=CYLINDRICAL_SURFACE('',#2008,0.750000000002244);
#49=CYLINDRICAL_SURFACE('',#2010,0.750000000002244);
#50=CYLINDRICAL_SURFACE('',#2014,0.750000000002244);
#51=CYLINDRICAL_SURFACE('',#2016,0.750000000002244);
#52=CYLINDRICAL_SURFACE('',#2050,0.5);
#53=CYLINDRICAL_SURFACE('',#2054,0.5);
#54=CYLINDRICAL_SURFACE('',#2058,0.5);
#55=CYLINDRICAL_SURFACE('',#2062,0.5);
#56=CYLINDRICAL_SURFACE('',#2066,0.199944076805088);
#57=CYLINDRICAL_SURFACE('',#2069,0.199944076805095);
#58=CYLINDRICAL_SURFACE('',#2077,0.199944206517024);
#59=CYLINDRICAL_SURFACE('',#2082,0.19994407645211);
#60=CYLINDRICAL_SURFACE('',#2086,0.749999999998664);
#61=CYLINDRICAL_SURFACE('',#2089,0.749999999998664);
#62=CYLINDRICAL_SURFACE('',#2093,0.749999999998664);
#63=CYLINDRICAL_SURFACE('',#2096,0.749999999998664);
#64=ELLIPSE('',#2000,0.759087271472407,0.74999179797452);
#65=ELLIPSE('',#2004,0.759087271437076,0.749991797960466);
#66=ELLIPSE('',#2006,0.759087306893756,0.749991812173473);
#67=ELLIPSE('',#2009,0.766822157684606,0.750000000002244);
#68=ELLIPSE('',#2011,0.766822157684606,0.750000000002244);
#69=ELLIPSE('',#2015,0.766822157684606,0.750000000002244);
#70=ELLIPSE('',#2017,0.766822157684606,0.750000000002244);
#71=ELLIPSE('',#2073,0.757904965488858,0.749999999998665);
#72=ELLIPSE('',#2074,0.560786461458369,0.550055923193569);
#73=ELLIPSE('',#2075,0.757904965488857,0.749999999998663);
#74=ELLIPSE('',#2076,0.560786461458377,0.550055923193576);
#75=ELLIPSE('',#2080,0.757904961780067,0.749999999998664);
#76=ELLIPSE('',#2081,0.560786329216009,0.55005579348164);
#77=ELLIPSE('',#2084,0.75790496549895,0.749999999998664);
#78=ELLIPSE('',#2085,0.560786461818241,0.550055923546554);
#79=ELLIPSE('',#2087,0.764631064512724,0.749999999998664);
#80=ELLIPSE('',#2090,0.764631064512724,0.749999999998664);
#81=ELLIPSE('',#2094,0.764631064512724,0.749999999998664);
#82=ELLIPSE('',#2097,0.764631064512724,0.749999999998664);
#83=CIRCLE('',#1996,0.199999999999479);
#84=CIRCLE('',#1997,0.200000000000426);
#85=CIRCLE('',#1998,0.200000000000315);
#86=CIRCLE('',#1999,0.200000000000678);
#87=CIRCLE('',#2001,0.200000000000737);
#88=CIRCLE('',#2002,0.199999999999271);
#89=CIRCLE('',#2003,0.200000000000315);
#90=CIRCLE('',#2005,0.200000000000994);
#91=CIRCLE('',#2051,0.5);
#92=CIRCLE('',#2052,0.5);
#93=CIRCLE('',#2055,0.5);
#94=CIRCLE('',#2056,0.5);
#95=CIRCLE('',#2059,0.5);
#96=CIRCLE('',#2060,0.5);
#97=CIRCLE('',#2063,0.5);
#98=CIRCLE('',#2064,0.5);
#99=CIRCLE('',#2067,0.199944076805088);
#100=CIRCLE('',#2068,0.199944076805088);
#101=CIRCLE('',#2070,0.199944076805095);
#102=CIRCLE('',#2071,0.199944076805095);
#103=CIRCLE('',#2072,0.199944076805095);
#104=CIRCLE('',#2078,0.199944206517024);
#105=CIRCLE('',#2079,0.199944206517024);
#106=CIRCLE('',#2083,0.19994407645211);
#107=CIRCLE('',#2125,0.05);
#108=CIRCLE('',#2126,0.05);
#109=CIRCLE('',#2127,0.05);
#110=CIRCLE('',#2128,0.05);
#111=CIRCLE('',#2130,0.9);
#112=CIRCLE('',#2132,0.9);
#113=CIRCLE('',#2134,0.9);
#114=CIRCLE('',#2136,0.9);
#115=(
BOUNDED_SURFACE()
B_SPLINE_SURFACE(2,9,((#2896,#2897,#2898,#2899,#2900,#2901,#2902,#2903,
#2904,#2905,#2906,#2907,#2908,#2909,#2910,#2911,#2912,#2913,#2914,#2915,
#2916,#2917,#2918,#2919,#2920,#2921,#2922),(#2923,#2924,#2925,#2926,#2927,
#2928,#2929,#2930,#2931,#2932,#2933,#2934,#2935,#2936,#2937,#2938,#2939,
#2940,#2941,#2942,#2943,#2944,#2945,#2946,#2947,#2948,#2949),(#2950,#2951,
#2952,#2953,#2954,#2955,#2956,#2957,#2958,#2959,#2960,#2961,#2962,#2963,
#2964,#2965,#2966,#2967,#2968,#2969,#2970,#2971,#2972,#2973,#2974,#2975,
#2976)),.UNSPECIFIED.,.F.,.F.,.F.)
B_SPLINE_SURFACE_WITH_KNOTS((3,3),(10,9,8,10),(0.,14.162628868465),(-0.02480286593146,
0.,14.113492849149,14.137826002533),.UNSPECIFIED.)
GEOMETRIC_REPRESENTATION_ITEM()
RATIONAL_B_SPLINE_SURFACE(((1.,1.,1.,1.,1.,1.,1.,1.,1.,1.,1.,1.,1.,1.,1.,
1.,1.,1.,1.,1.,1.,1.,1.,1.,1.,1.,1.),(0.757958166381,0.757952393632,0.757947359101,
0.75794305804,0.757939485696,0.757936637321,0.757934508164,0.757933093476,
0.757932388507,0.757932388507,0.757932388507,0.75793247065,0.757932081177,
0.757932668805,0.757933652856,0.757925507096,0.757957447568,0.757899364694,
0.757960178008,0.757960654376,0.757961518451,0.757962786237,0.757964473741,
0.757966596967,0.757969171923,0.757972214613,0.757975741044),(1.,1.,1.,
1.,1.,1.,1.,1.,1.,1.,1.,1.,1.,1.,1.,1.,1.,1.,1.,1.,1.,1.,1.,1.,1.,1.,1.)))
REPRESENTATION_ITEM('')
SURFACE()
);
#116=(
BOUNDED_SURFACE()
B_SPLINE_SURFACE(2,11,((#3008,#3009,#3010,#3011,#3012,#3013,#3014,#3015,
#3016,#3017,#3018,#3019,#3020,#3021,#3022,#3023,#3024,#3025,#3026,#3027,
#3028,#3029),(#3030,#3031,#3032,#3033,#3034,#3035,#3036,#3037,#3038,#3039,
#3040,#3041,#3042,#3043,#3044,#3045,#3046,#3047,#3048,#3049,#3050,#3051),
(#3052,#3053,#3054,#3055,#3056,#3057,#3058,#3059,#3060,#3061,#3062,#3063,
#3064,#3065,#3066,#3067,#3068,#3069,#3070,#3071,#3072,#3073)),
 .UNSPECIFIED.,.F.,.F.,.F.)
B_SPLINE_SURFACE_WITH_KNOTS((3,3),(12,10,12),(0.,1.02190413524687),(59.6846588989331,
60.196691355328,60.7082541362683),.UNSPECIFIED.)
GEOMETRIC_REPRESENTATION_ITEM()
RATIONAL_B_SPLINE_SURFACE(((1.,1.,1.,1.,1.,1.,1.,1.,1.,1.,1.,1.,1.,1.,1.,
1.,1.,1.,1.,1.,1.,1.),(0.757466066314197,0.760449657957698,0.763478103773183,
0.76613144524034,0.768852178625881,0.770824791564529,0.772998933125647,
0.774432973779298,0.775703352355699,0.776497460996077,0.776905351753416,
0.776905362132838,0.776500882528109,0.775690799876007,0.774485329611553,
0.772904498443281,0.770976478148742,0.768735775667051,0.766221279371943,
0.763474161647919,0.760535637669872,0.757444580447773),(1.00080418431705,
1.00079429144321,1.0007842498437,1.00077545200018,1.00076643070124,1.00075988999015,
1.00075268105852,1.00074792612388,1.0007437138534,1.00074108077973,1.00073972831187,
1.00073972827746,1.00074106943475,1.00074375547441,1.0007477525245,1.00075299418126,
1.00075938703384,1.00076681666551,1.00077515413176,1.00078426291484,1.00079400635512,
1.00080425555903)))
REPRESENTATION_ITEM('')
SURFACE()
);
#117=(
BOUNDED_SURFACE()
B_SPLINE_SURFACE(2,11,((#3128,#3129,#3130,#3131,#3132,#3133,#3134,#3135,
#3136,#3137,#3138,#3139,#3140,#3141,#3142,#3143,#3144,#3145,#3146,#3147,
#3148,#3149),(#3150,#3151,#3152,#3153,#3154,#3155,#3156,#3157,#3158,#3159,
#3160,#3161,#3162,#3163,#3164,#3165,#3166,#3167,#3168,#3169,#3170,#3171),
(#3172,#3173,#3174,#3175,#3176,#3177,#3178,#3179,#3180,#3181,#3182,#3183,
#3184,#3185,#3186,#3187,#3188,#3189,#3190,#3191,#3192,#3193)),
 .UNSPECIFIED.,.F.,.F.,.F.)
B_SPLINE_SURFACE_WITH_KNOTS((3,3),(12,10,12),(0.,1.021265497016),(14.137825856417,
14.64816707078,15.159091353433),.UNSPECIFIED.)
GEOMETRIC_REPRESENTATION_ITEM()
RATIONAL_B_SPLINE_SURFACE(((1.,1.,1.,1.,1.,1.,1.,1.,1.,1.,1.,1.,1.,1.,1.,
1.,1.,1.,1.,1.,1.,1.),(0.757975740854,0.76094582845,0.763948349047,0.766590076961,
0.769280337945,0.77124700305,0.773398276821,0.774823043243,0.776082436992,
0.776870073717,0.777274603751,0.777274614089,0.776867418852,0.776077591414,
0.774852451537,0.773285412527,0.771388694437,0.769133124405,0.766605574646,
0.763917898949,0.76093501457,0.75797403824),(1.,1.,1.,1.,1.,1.,1.,1.,1.,
1.,1.,1.,1.,1.,1.,1.,1.,1.,1.,1.,1.,1.)))
REPRESENTATION_ITEM('')
SURFACE()
);
#118=(
BOUNDED_SURFACE()
B_SPLINE_SURFACE(2,9,((#3197,#3198,#3199,#3200,#3201,#3202,#3203,#3204,
#3205,#3206,#3207,#3208,#3209,#3210,#3211,#3212,#3213,#3214,#3215,#3216,
#3217,#3218,#3219,#3220,#3221,#3222),(#3223,#3224,#3225,#3226,#3227,#3228,
#3229,#3230,#3231,#3232,#3233,#3234,#3235,#3236,#3237,#3238,#3239,#3240,
#3241,#3242,#3243,#3244,#3245,#3246,#3247,#3248),(#3249,#3250,#3251,#3252,
#3253,#3254,#3255,#3256,#3257,#3258,#3259,#3260,#3261,#3262,#3263,#3264,
#3265,#3266,#3267,#3268,#3269,#3270,#3271,#3272,#3273,#3274)),
 .UNSPECIFIED.,.F.,.F.,.F.)
B_SPLINE_SURFACE_WITH_KNOTS((3,3),(10,8,8,10),(0.,14.161576202883),(45.524774086534,
45.548524351553,59.662017136143,59.686350289416),.UNSPECIFIED.)
GEOMETRIC_REPRESENTATION_ITEM()
RATIONAL_B_SPLINE_SURFACE(((1.,1.,1.,1.,1.,1.,1.,1.,1.,1.,1.,1.,1.,1.,1.,
1.,1.,1.,1.,1.,1.,1.,1.,1.,1.,1.),(0.7579740384,0.75797113568,0.757968624702,
0.757966493471,0.757964729991,0.757963322267,0.757962258304,0.757961526106,
0.757961113677,0.757898818331,0.757957231822,0.757927004055,0.757931015601,
0.757931119923,0.757926903303,0.757957224095,0.757899364694,0.757960178008,
0.757960654376,0.757961518451,0.757962786237,0.75796447374,0.757966596967,
0.757969171923,0.757972214613,0.757975741044),(1.,1.,1.,1.,1.,1.,1.,1.,
1.,1.,1.,1.,1.,1.,1.,1.,1.,1.,1.,1.,1.,1.,1.,1.,1.,1.)))
REPRESENTATION_ITEM('')
SURFACE()
);
#119=(
BOUNDED_SURFACE()
B_SPLINE_SURFACE(2,9,((#3303,#3304,#3305,#3306,#3307,#3308,#3309,#3310,
#3311,#3312,#3313,#3314,#3315,#3316,#3317,#3318,#3319,#3320,#3321,#3322,
#3323,#3324,#3325,#3326,#3327,#3328),(#3329,#3330,#3331,#3332,#3333,#3334,
#3335,#3336,#3337,#3338,#3339,#3340,#3341,#3342,#3343,#3344,#3345,#3346,
#3347,#3348,#3349,#3350,#3351,#3352,#3353,#3354),(#3355,#3356,#3357,#3358,
#3359,#3360,#3361,#3362,#3363,#3364,#3365,#3366,#3367,#3368,#3369,#3370,
#3371,#3372,#3373,#3374,#3375,#3376,#3377,#3378,#3379,#3380)),
 .UNSPECIFIED.,.F.,.F.,.F.)
B_SPLINE_SURFACE_WITH_KNOTS((3,3),(10,8,8,10),(0.,14.161577677962),(15.159091207048,
15.182841472067,29.296334256592,29.32066888501),.UNSPECIFIED.)
GEOMETRIC_REPRESENTATION_ITEM()
RATIONAL_B_SPLINE_SURFACE(((1.,1.,1.,1.,1.,1.,1.,1.,1.,1.,1.,1.,1.,1.,1.,
1.,1.,1.,1.,1.,1.,1.,1.,1.,1.,1.),(0.7579740384,0.75797113568,0.757968624702,
0.757966493471,0.757964729991,0.757963322268,0.757962258304,0.757961526106,
0.757961113677,0.757898818331,0.757957231699,0.757927004099,0.757931014859,
0.757931126509,0.757926914291,0.757957157187,0.757899457002,0.757960099349,
0.757960575402,0.757961439184,0.757962706752,0.757964394163,0.757966517475,
0.757969092743,0.757972136025,0.757975663378),(1.,1.,1.,1.,1.,1.,1.,1.,
1.,1.,1.,1.,1.,1.,1.,1.,1.,1.,1.,1.,1.,1.,1.,1.,1.,1.)))
REPRESENTATION_ITEM('')
SURFACE()
);
#120=(
BOUNDED_SURFACE()
B_SPLINE_SURFACE(2,11,((#3409,#3410,#3411,#3412,#3413,#3414,#3415,#3416,
#3417,#3418,#3419,#3420,#3421,#3422,#3423,#3424,#3425,#3426,#3427,#3428,
#3429,#3430),(#3431,#3432,#3433,#3434,#3435,#3436,#3437,#3438,#3439,#3440,
#3441,#3442,#3443,#3444,#3445,#3446,#3447,#3448,#3449,#3450,#3451,#3452),
(#3453,#3454,#3455,#3456,#3457,#3458,#3459,#3460,#3461,#3462,#3463,#3464,
#3465,#3466,#3467,#3468,#3469,#3470,#3471,#3472,#3473,#3474)),
 .UNSPECIFIED.,.F.,.F.,.F.)
B_SPLINE_SURFACE_WITH_KNOTS((3,3),(12,10,12),(0.,1.021265497015),(44.503508735903,
45.013849950266,45.524774232918),.UNSPECIFIED.)
GEOMETRIC_REPRESENTATION_ITEM()
RATIONAL_B_SPLINE_SURFACE(((1.,1.,1.,1.,1.,1.,1.,1.,1.,1.,1.,1.,1.,1.,1.,
1.,1.,1.,1.,1.,1.,1.),(0.757975740854,0.76094582845,0.763948349047,0.766590076962,
0.769280337944,0.771247003051,0.773398276819,0.774823043244,0.776082436992,
0.776870073717,0.777274603751,0.777274614089,0.776867418851,0.776077591415,
0.774852451536,0.773285412528,0.771388694436,0.769133124406,0.766605574646,
0.763917898949,0.76093501457,0.75797403824),(1.,1.,1.,1.,1.,1.,1.,1.,1.,
1.,1.,1.,1.,1.,1.,1.,1.,1.,1.,1.,1.,1.)))
REPRESENTATION_ITEM('')
SURFACE()
);
#121=(
BOUNDED_SURFACE()
B_SPLINE_SURFACE(2,11,((#3478,#3479,#3480,#3481,#3482,#3483,#3484,#3485,
#3486,#3487,#3488,#3489,#3490,#3491,#3492,#3493,#3494,#3495,#3496,#3497,
#3498,#3499),(#3500,#3501,#3502,#3503,#3504,#3505,#3506,#3507,#3508,#3509,
#3510,#3511,#3512,#3513,#3514,#3515,#3516,#3517,#3518,#3519,#3520,#3521),
(#3522,#3523,#3524,#3525,#3526,#3527,#3528,#3529,#3530,#3531,#3532,#3533,
#3534,#3535,#3536,#3537,#3538,#3539,#3540,#3541,#3542,#3543)),
 .UNSPECIFIED.,.F.,.F.,.F.)
B_SPLINE_SURFACE_WITH_KNOTS((3,3),(12,10,12),(0.,1.02126560992),(29.320668738892,
29.831008657878,30.341934348812),.UNSPECIFIED.)
GEOMETRIC_REPRESENTATION_ITEM()
RATIONAL_B_SPLINE_SURFACE(((1.,1.,1.,1.,1.,1.,1.,1.,1.,1.,1.,1.,1.,1.,1.,
1.,1.,1.,1.,1.,1.,1.),(0.757975663188,0.760945867535,0.763948463861,0.766590241613,
0.769280569119,0.771246437484,0.773398987598,0.774822626167,0.776082606941,
0.776870050035,0.777274605043,0.777274612796,0.776867418778,0.776077571636,
0.774852428846,0.773285400741,0.771388665284,0.76913304569,0.766605478863,
0.763917858097,0.760935005971,0.757974121608),(1.,1.,1.,1.,1.,1.,1.,1.,
1.,1.,1.,1.,1.,1.,1.,1.,1.,1.,1.,1.,1.,1.)))
REPRESENTATION_ITEM('')
SURFACE()
);
#122=(
BOUNDED_SURFACE()
B_SPLINE_SURFACE(2,9,((#3547,#3548,#3549,#3550,#3551,#3552,#3553,#3554,
#3555,#3556,#3557,#3558,#3559,#3560,#3561,#3562,#3563,#3564,#3565,#3566,
#3567,#3568,#3569,#3570,#3571,#3572),(#3573,#3574,#3575,#3576,#3577,#3578,
#3579,#3580,#3581,#3582,#3583,#3584,#3585,#3586,#3587,#3588,#3589,#3590,
#3591,#3592,#3593,#3594,#3595,#3596,#3597,#3598),(#3599,#3600,#3601,#3602,
#3603,#3604,#3605,#3606,#3607,#3608,#3609,#3610,#3611,#3612,#3613,#3614,
#3615,#3616,#3617,#3618,#3619,#3620,#3621,#3622,#3623,#3624)),
 .UNSPECIFIED.,.F.,.F.,.F.)
B_SPLINE_SURFACE_WITH_KNOTS((3,3),(10,8,8,10),(0.,14.161574679592),(30.341934202428,
30.365682879508,44.479175728635,44.50350888202),.UNSPECIFIED.)
GEOMETRIC_REPRESENTATION_ITEM()
RATIONAL_B_SPLINE_SURFACE(((1.,1.,1.,1.,1.,1.,1.,1.,1.,1.,1.,1.,1.,1.,1.,
1.,1.,1.,1.,1.,1.,1.,1.,1.,1.,1.),(0.757974121768,0.757971218957,0.757968707746,
0.757966576173,0.757964812277,0.757963404096,0.757962339668,0.757961607031,
0.757961194223,0.757898724586,0.757957299181,0.757926993203,0.757931008755,
0.757931120785,0.75792690319,0.757957224232,0.757899364694,0.757960178008,
0.757960654376,0.757961518451,0.757962786237,0.75796447374,0.757966596967,
0.757969171923,0.757972214613,0.757975741044),(1.,1.,1.,1.,1.,1.,1.,1.,
1.,1.,1.,1.,1.,1.,1.,1.,1.,1.,1.,1.,1.,1.,1.,1.,1.,1.)))
REPRESENTATION_ITEM('')
SURFACE()
);
#123=(
BOUNDED_CURVE()
B_SPLINE_CURVE(11,(#2724,#2725,#2726,#2727,#2728,#2729,#2730,#2731,#2732,
#2733,#2734,#2735,#2736,#2737,#2738,#2739,#2740,#2741,#2742,#2743,#2744,
#2745),.UNSPECIFIED.,.F.,.F.)
B_SPLINE_CURVE_WITH_KNOTS((12,10,12),(44.5035088820228,45.013849950266,
45.524774232918),.UNSPECIFIED.)
CURVE()
GEOMETRIC_REPRESENTATION_ITEM()
RATIONAL_B_SPLINE_CURVE((1.,1.,1.,1.000000000001,0.999999999999,1.000000000002,
0.999999999998,1.000000000001,0.999999999999,1.,1.,1.,1.,1.000000000001,
0.999999999999,1.000000000002,0.999999999999,1.000000000001,0.999999999999,
1.,1.,1.))
REPRESENTATION_ITEM('')
);
#124=(
BOUNDED_CURVE()
B_SPLINE_CURVE(11,(#2774,#2775,#2776,#2777,#2778,#2779,#2780,#2781,#2782,
#2783,#2784,#2785,#2786,#2787,#2788,#2789,#2790,#2791,#2792,#2793,#2794,
#2795),.UNSPECIFIED.,.F.,.F.)
B_SPLINE_CURVE_WITH_KNOTS((12,10,12),(29.3206688850122,29.831008657878,
30.341934348812),.UNSPECIFIED.)
CURVE()
GEOMETRIC_REPRESENTATION_ITEM()
RATIONAL_B_SPLINE_CURVE((1.,1.,1.,1.,0.999999999999,1.000000000001,0.999999999999,
1.000000000001,1.,1.,1.,1.,1.,0.999999999999,1.000000000002,0.999999999997,
1.000000000002,0.999999999998,1.000000000001,1.,1.,1.))
REPRESENTATION_ITEM('')
);
#125=(
BOUNDED_CURVE()
B_SPLINE_CURVE(11,(#2824,#2825,#2826,#2827,#2828,#2829,#2830,#2831,#2832,
#2833,#2834,#2835,#2836,#2837,#2838,#2839,#2840,#2841,#2842,#2843,#2844,
#2845),.UNSPECIFIED.,.F.,.F.)
B_SPLINE_CURVE_WITH_KNOTS((12,10,12),(14.1378260025335,14.64816707078,15.159091353433),
 .UNSPECIFIED.)
CURVE()
GEOMETRIC_REPRESENTATION_ITEM()
RATIONAL_B_SPLINE_CURVE((1.,1.,1.,1.,1.000000000001,0.999999999999,1.000000000001,
0.999999999999,1.,1.,1.,1.,1.,1.,1.,1.,1.,1.,1.,1.,1.,1.))
REPRESENTATION_ITEM('')
);
#126=(
BOUNDED_CURVE()
B_SPLINE_CURVE(11,(#2874,#2875,#2876,#2877,#2878,#2879,#2880,#2881,#2882,
#2883,#2884,#2885,#2886,#2887,#2888,#2889,#2890,#2891,#2892,#2893,#2894,
#2895),.UNSPECIFIED.,.F.,.F.)
B_SPLINE_CURVE_WITH_KNOTS((12,10,12),(59.6863502894199,60.196691355328,
60.7065627743584),.UNSPECIFIED.)
CURVE()
GEOMETRIC_REPRESENTATION_ITEM()
RATIONAL_B_SPLINE_CURVE((1.,1.,1.,0.999999999999,1.000000000002,0.999999999998,
1.000000000002,0.999999999999,1.000000000001,1.,1.,1.,1.,1.,0.999999999999,
1.000000000001,0.999999999999,1.000000000001,1.,1.,1.,1.))
REPRESENTATION_ITEM('')
);
#127=B_SPLINE_CURVE_WITH_KNOTS('',9,(#2697,#2698,#2699,#2700,#2701,#2702,
#2703,#2704,#2705,#2706,#2707,#2708,#2709,#2710,#2711,#2712,#2713,#2714,
#2715,#2716,#2717,#2718,#2719,#2720,#2721,#2722),.UNSPECIFIED.,.F.,.F.,
(10,8,8,10),(45.5247742328692,45.548524351553,59.662017136143,59.686350289416),
 .UNSPECIFIED.);
#128=B_SPLINE_CURVE_WITH_KNOTS('',9,(#2747,#2748,#2749,#2750,#2751,#2752,
#2753,#2754,#2755,#2756,#2757,#2758,#2759,#2760,#2761,#2762,#2763,#2764,
#2765,#2766,#2767,#2768,#2769,#2770,#2771,#2772),.UNSPECIFIED.,.F.,.F.,
(10,8,8,10),(30.3419343487628,30.365682879508,44.479175728635,44.50350888202),
 .UNSPECIFIED.);
#129=B_SPLINE_CURVE_WITH_KNOTS('',9,(#2797,#2798,#2799,#2800,#2801,#2802,
#2803,#2804,#2805,#2806,#2807,#2808,#2809,#2810,#2811,#2812,#2813,#2814,
#2815,#2816,#2817,#2818,#2819,#2820,#2821,#2822),.UNSPECIFIED.,.F.,.F.,
(10,8,8,10),(15.1590913533821,15.182841472067,29.296334256592,29.32066888501),
 .UNSPECIFIED.);
#130=B_SPLINE_CURVE_WITH_KNOTS('',9,(#2847,#2848,#2849,#2850,#2851,#2852,
#2853,#2854,#2855,#2856,#2857,#2858,#2859,#2860,#2861,#2862,#2863,#2864,
#2865,#2866,#2867,#2868,#2869,#2870,#2871,#2872,#2873),.UNSPECIFIED.,.F.,
 .F.,(10,9,8,10),(-0.02480286593146,0.,14.113492849149,14.137826002533),
 .UNSPECIFIED.);
#131=B_SPLINE_CURVE_WITH_KNOTS('',9,(#2981,#2982,#2983,#2984,#2985,#2986,
#2987,#2988,#2989,#2990,#2991,#2992,#2993,#2994,#2995,#2996,#2997,#2998,
#2999,#3000,#3001,#3002,#3003,#3004,#3005,#3006,#3007),.UNSPECIFIED.,.F.,
 .F.,(10,9,8,10),(-0.0248028194217549,0.,14.113492849149,14.137825931052),
 .UNSPECIFIED.);
#132=B_SPLINE_CURVE_WITH_KNOTS('',3,(#3076,#3077,#3078,#3079,#3080,#3081,
#3082,#3083,#3084,#3085,#3086,#3087,#3088,#3089,#3090,#3091,#3092,#3093,
#3094,#3095,#3096,#3097,#3098,#3099,#3100,#3101,#3102,#3103,#3104,#3105,
#3106,#3107,#3108,#3109,#3110,#3111,#3112,#3113,#3114,#3115,#3116,#3117,
#3118,#3119,#3120,#3121,#3122,#3123,#3124,#3125,#3126,#3127),
 .UNSPECIFIED.,.F.,.F.,(4,3,3,3,3,3,3,3,3,3,3,3,3,3,3,3,3,4),(59.6863502892409,
59.7616276652888,59.8349214124426,59.9111906029375,59.9833670527474,59.9874597934324,
60.054591787885,60.1215602853149,60.1884560093891,60.196691355328,60.2674116195481,
60.3382204279707,60.4093816624375,60.4807684686697,60.5527560164765,60.6022872115332,
60.6807044222373,60.7065627459609),.UNSPECIFIED.);
#133=B_SPLINE_CURVE_WITH_KNOTS('',9,(#3277,#3278,#3279,#3280,#3281,#3282,
#3283,#3284,#3285,#3286,#3287,#3288,#3289,#3290,#3291,#3292,#3293,#3294,
#3295,#3296,#3297,#3298,#3299,#3300,#3301,#3302),.UNSPECIFIED.,.F.,.F.,
(10,8,8,10),(45.5247742329285,45.548524351553,59.662017136143,59.686350241752),
 .UNSPECIFIED.);
#134=B_SPLINE_CURVE_WITH_KNOTS('',9,(#3383,#3384,#3385,#3386,#3387,#3388,
#3389,#3390,#3391,#3392,#3393,#3394,#3395,#3396,#3397,#3398,#3399,#3400,
#3401,#3402,#3403,#3404,#3405,#3406,#3407,#3408),.UNSPECIFIED.,.F.,.F.,
(10,8,8,10),(15.1590913534425,15.182841472067,29.296334256592,29.3206688135288),
 .UNSPECIFIED.);
#135=B_SPLINE_CURVE_WITH_KNOTS('',9,(#3625,#3626,#3627,#3628,#3629,#3630,
#3631,#3632,#3633,#3634,#3635,#3636,#3637,#3638,#3639,#3640,#3641,#3642,
#3643,#3644,#3645,#3646,#3647,#3648,#3649,#3650),.UNSPECIFIED.,.F.,.F.,
(10,8,8,10),(30.3419343488225,30.365682879508,44.479175728635,44.503508810539),
 .UNSPECIFIED.);
#136=FACE_OUTER_BOUND('',#248,.T.);
#137=FACE_OUTER_BOUND('',#249,.T.);
#138=FACE_OUTER_BOUND('',#250,.T.);
#139=FACE_OUTER_BOUND('',#251,.T.);
#140=FACE_OUTER_BOUND('',#252,.T.);
#141=FACE_OUTER_BOUND('',#253,.T.);
#142=FACE_OUTER_BOUND('',#254,.T.);
#143=FACE_OUTER_BOUND('',#255,.T.);
#144=FACE_OUTER_BOUND('',#256,.T.);
#145=FACE_OUTER_BOUND('',#257,.T.);
#146=FACE_OUTER_BOUND('',#258,.T.);
#147=FACE_OUTER_BOUND('',#259,.T.);
#148=FACE_OUTER_BOUND('',#260,.T.);
#149=FACE_OUTER_BOUND('',#261,.T.);
#150=FACE_OUTER_BOUND('',#262,.T.);
#151=FACE_OUTER_BOUND('',#263,.T.);
#152=FACE_OUTER_BOUND('',#264,.T.);
#153=FACE_OUTER_BOUND('',#265,.T.);
#154=FACE_OUTER_BOUND('',#266,.T.);
#155=FACE_OUTER_BOUND('',#267,.T.);
#156=FACE_OUTER_BOUND('',#268,.T.);
#157=FACE_OUTER_BOUND('',#269,.T.);
#158=FACE_OUTER_BOUND('',#271,.T.);
#159=FACE_OUTER_BOUND('',#272,.T.);
#160=FACE_OUTER_BOUND('',#273,.T.);
#161=FACE_OUTER_BOUND('',#274,.T.);
#162=FACE_OUTER_BOUND('',#275,.T.);
#163=FACE_OUTER_BOUND('',#276,.T.);
#164=FACE_OUTER_BOUND('',#277,.T.);
#165=FACE_OUTER_BOUND('',#278,.T.);
#166=FACE_OUTER_BOUND('',#279,.T.);
#167=FACE_OUTER_BOUND('',#281,.T.);
#168=FACE_OUTER_BOUND('',#282,.T.);
#169=FACE_OUTER_BOUND('',#283,.T.);
#170=FACE_OUTER_BOUND('',#284,.T.);
#171=FACE_OUTER_BOUND('',#285,.T.);
#172=FACE_OUTER_BOUND('',#286,.T.);
#173=FACE_OUTER_BOUND('',#288,.T.);
#174=FACE_OUTER_BOUND('',#289,.T.);
#175=FACE_OUTER_BOUND('',#290,.T.);
#176=FACE_OUTER_BOUND('',#291,.T.);
#177=FACE_OUTER_BOUND('',#292,.T.);
#178=FACE_OUTER_BOUND('',#294,.T.);
#179=FACE_OUTER_BOUND('',#295,.T.);
#180=FACE_OUTER_BOUND('',#296,.T.);
#181=FACE_OUTER_BOUND('',#297,.T.);
#182=FACE_OUTER_BOUND('',#298,.T.);
#183=FACE_OUTER_BOUND('',#300,.T.);
#184=FACE_OUTER_BOUND('',#301,.T.);
#185=FACE_OUTER_BOUND('',#302,.T.);
#186=FACE_OUTER_BOUND('',#303,.T.);
#187=FACE_OUTER_BOUND('',#304,.T.);
#188=FACE_OUTER_BOUND('',#305,.T.);
#189=FACE_OUTER_BOUND('',#306,.T.);
#190=FACE_OUTER_BOUND('',#307,.T.);
#191=FACE_OUTER_BOUND('',#308,.T.);
#192=FACE_OUTER_BOUND('',#309,.T.);
#193=FACE_OUTER_BOUND('',#310,.T.);
#194=FACE_OUTER_BOUND('',#311,.T.);
#195=FACE_OUTER_BOUND('',#312,.T.);
#196=FACE_OUTER_BOUND('',#313,.T.);
#197=FACE_OUTER_BOUND('',#314,.T.);
#198=FACE_OUTER_BOUND('',#315,.T.);
#199=FACE_OUTER_BOUND('',#316,.T.);
#200=FACE_OUTER_BOUND('',#317,.T.);
#201=FACE_OUTER_BOUND('',#318,.T.);
#202=FACE_OUTER_BOUND('',#319,.T.);
#203=FACE_OUTER_BOUND('',#320,.T.);
#204=FACE_OUTER_BOUND('',#321,.T.);
#205=FACE_OUTER_BOUND('',#322,.T.);
#206=FACE_OUTER_BOUND('',#323,.T.);
#207=FACE_OUTER_BOUND('',#324,.T.);
#208=FACE_OUTER_BOUND('',#325,.T.);
#209=FACE_OUTER_BOUND('',#326,.T.);
#210=FACE_OUTER_BOUND('',#327,.T.);
#211=FACE_OUTER_BOUND('',#328,.T.);
#212=FACE_OUTER_BOUND('',#329,.T.);
#213=FACE_OUTER_BOUND('',#331,.T.);
#214=FACE_OUTER_BOUND('',#332,.T.);
#215=FACE_OUTER_BOUND('',#333,.T.);
#216=FACE_OUTER_BOUND('',#334,.T.);
#217=FACE_OUTER_BOUND('',#335,.T.);
#218=FACE_OUTER_BOUND('',#336,.T.);
#219=FACE_OUTER_BOUND('',#337,.T.);
#220=FACE_OUTER_BOUND('',#338,.T.);
#221=FACE_OUTER_BOUND('',#339,.T.);
#222=FACE_OUTER_BOUND('',#340,.T.);
#223=FACE_OUTER_BOUND('',#341,.T.);
#224=FACE_OUTER_BOUND('',#342,.T.);
#225=FACE_OUTER_BOUND('',#343,.T.);
#226=FACE_OUTER_BOUND('',#344,.T.);
#227=FACE_OUTER_BOUND('',#345,.T.);
#228=FACE_OUTER_BOUND('',#346,.T.);
#229=FACE_OUTER_BOUND('',#347,.T.);
#230=FACE_OUTER_BOUND('',#348,.T.);
#231=FACE_OUTER_BOUND('',#349,.T.);
#232=FACE_OUTER_BOUND('',#350,.T.);
#233=FACE_OUTER_BOUND('',#351,.T.);
#234=FACE_OUTER_BOUND('',#352,.T.);
#235=FACE_OUTER_BOUND('',#353,.T.);
#236=FACE_OUTER_BOUND('',#354,.T.);
#237=FACE_OUTER_BOUND('',#355,.T.);
#238=FACE_OUTER_BOUND('',#357,.T.);
#239=FACE_OUTER_BOUND('',#358,.T.);
#240=FACE_OUTER_BOUND('',#359,.T.);
#241=FACE_OUTER_BOUND('',#360,.T.);
#242=FACE_OUTER_BOUND('',#361,.T.);
#243=FACE_OUTER_BOUND('',#362,.T.);
#244=FACE_OUTER_BOUND('',#363,.T.);
#245=FACE_OUTER_BOUND('',#364,.T.);
#246=FACE_OUTER_BOUND('',#365,.T.);
#247=FACE_OUTER_BOUND('',#366,.T.);
#248=EDGE_LOOP('',(#1228,#1229,#1230,#1231));
#249=EDGE_LOOP('',(#1232,#1233,#1234,#1235));
#250=EDGE_LOOP('',(#1236,#1237,#1238,#1239));
#251=EDGE_LOOP('',(#1240,#1241,#1242,#1243));
#252=EDGE_LOOP('',(#1244,#1245,#1246,#1247,#1248,#1249,#1250,#1251));
#253=EDGE_LOOP('',(#1252,#1253,#1254,#1255));
#254=EDGE_LOOP('',(#1256,#1257,#1258,#1259));
#255=EDGE_LOOP('',(#1260,#1261,#1262,#1263));
#256=EDGE_LOOP('',(#1264,#1265,#1266,#1267));
#257=EDGE_LOOP('',(#1268,#1269,#1270,#1271));
#258=EDGE_LOOP('',(#1272,#1273,#1274,#1275));
#259=EDGE_LOOP('',(#1276,#1277,#1278,#1279));
#260=EDGE_LOOP('',(#1280,#1281,#1282,#1283));
#261=EDGE_LOOP('',(#1284,#1285,#1286,#1287));
#262=EDGE_LOOP('',(#1288,#1289,#1290,#1291));
#263=EDGE_LOOP('',(#1292,#1293,#1294,#1295));
#264=EDGE_LOOP('',(#1296,#1297,#1298,#1299));
#265=EDGE_LOOP('',(#1300,#1301,#1302,#1303));
#266=EDGE_LOOP('',(#1304,#1305,#1306,#1307));
#267=EDGE_LOOP('',(#1308,#1309,#1310,#1311));
#268=EDGE_LOOP('',(#1312,#1313,#1314,#1315));
#269=EDGE_LOOP('',(#1316,#1317,#1318,#1319,#1320,#1321,#1322,#1323));
#270=EDGE_LOOP('',(#1324,#1325,#1326,#1327,#1328,#1329,#1330,#1331,#1332,
#1333,#1334,#1335,#1336,#1337,#1338,#1339,#1340,#1341,#1342,#1343));
#271=EDGE_LOOP('',(#1344,#1345,#1346));
#272=EDGE_LOOP('',(#1347,#1348,#1349));
#273=EDGE_LOOP('',(#1350,#1351,#1352));
#274=EDGE_LOOP('',(#1353,#1354,#1355));
#275=EDGE_LOOP('',(#1356,#1357,#1358));
#276=EDGE_LOOP('',(#1359,#1360,#1361));
#277=EDGE_LOOP('',(#1362,#1363,#1364));
#278=EDGE_LOOP('',(#1365,#1366,#1367));
#279=EDGE_LOOP('',(#1368,#1369,#1370,#1371,#1372,#1373,#1374,#1375));
#280=EDGE_LOOP('',(#1376,#1377,#1378,#1379));
#281=EDGE_LOOP('',(#1380,#1381,#1382,#1383));
#282=EDGE_LOOP('',(#1384,#1385,#1386,#1387));
#283=EDGE_LOOP('',(#1388,#1389,#1390));
#284=EDGE_LOOP('',(#1391,#1392,#1393,#1394));
#285=EDGE_LOOP('',(#1395,#1396,#1397));
#286=EDGE_LOOP('',(#1398,#1399,#1400,#1401,#1402,#1403,#1404,#1405));
#287=EDGE_LOOP('',(#1406,#1407,#1408,#1409));
#288=EDGE_LOOP('',(#1410,#1411,#1412,#1413));
#289=EDGE_LOOP('',(#1414,#1415,#1416));
#290=EDGE_LOOP('',(#1417,#1418,#1419,#1420));
#291=EDGE_LOOP('',(#1421,#1422,#1423));
#292=EDGE_LOOP('',(#1424,#1425,#1426,#1427,#1428,#1429,#1430,#1431));
#293=EDGE_LOOP('',(#1432,#1433,#1434,#1435));
#294=EDGE_LOOP('',(#1436,#1437,#1438,#1439));
#295=EDGE_LOOP('',(#1440,#1441,#1442));
#296=EDGE_LOOP('',(#1443,#1444,#1445,#1446));
#297=EDGE_LOOP('',(#1447,#1448,#1449));
#298=EDGE_LOOP('',(#1450,#1451,#1452,#1453,#1454,#1455,#1456,#1457));
#299=EDGE_LOOP('',(#1458,#1459,#1460,#1461));
#300=EDGE_LOOP('',(#1462,#1463,#1464,#1465));
#301=EDGE_LOOP('',(#1466,#1467,#1468));
#302=EDGE_LOOP('',(#1469,#1470,#1471,#1472));
#303=EDGE_LOOP('',(#1473,#1474,#1475));
#304=EDGE_LOOP('',(#1476,#1477,#1478,#1479));
#305=EDGE_LOOP('',(#1480,#1481,#1482,#1483));
#306=EDGE_LOOP('',(#1484,#1485,#1486,#1487));
#307=EDGE_LOOP('',(#1488,#1489,#1490,#1491));
#308=EDGE_LOOP('',(#1492,#1493,#1494,#1495));
#309=EDGE_LOOP('',(#1496,#1497,#1498,#1499));
#310=EDGE_LOOP('',(#1500,#1501,#1502,#1503));
#311=EDGE_LOOP('',(#1504,#1505,#1506,#1507));
#312=EDGE_LOOP('',(#1508,#1509,#1510,#1511));
#313=EDGE_LOOP('',(#1512,#1513,#1514,#1515));
#314=EDGE_LOOP('',(#1516,#1517,#1518,#1519));
#315=EDGE_LOOP('',(#1520,#1521,#1522,#1523));
#316=EDGE_LOOP('',(#1524,#1525,#1526,#1527));
#317=EDGE_LOOP('',(#1528,#1529,#1530,#1531));
#318=EDGE_LOOP('',(#1532,#1533,#1534,#1535));
#319=EDGE_LOOP('',(#1536,#1537,#1538,#1539));
#320=EDGE_LOOP('',(#1540,#1541,#1542,#1543));
#321=EDGE_LOOP('',(#1544,#1545,#1546,#1547));
#322=EDGE_LOOP('',(#1548,#1549,#1550,#1551));
#323=EDGE_LOOP('',(#1552,#1553,#1554,#1555));
#324=EDGE_LOOP('',(#1556,#1557,#1558,#1559,#1560,#1561,#1562,#1563));
#325=EDGE_LOOP('',(#1564,#1565,#1566,#1567));
#326=EDGE_LOOP('',(#1568,#1569,#1570,#1571));
#327=EDGE_LOOP('',(#1572,#1573,#1574,#1575));
#328=EDGE_LOOP('',(#1576,#1577,#1578,#1579));
#329=EDGE_LOOP('',(#1580,#1581,#1582,#1583,#1584,#1585,#1586,#1587));
#330=EDGE_LOOP('',(#1588,#1589,#1590,#1591,#1592,#1593,#1594,#1595,#1596,
#1597,#1598,#1599));
#331=EDGE_LOOP('',(#1600,#1601,#1602,#1603));
#332=EDGE_LOOP('',(#1604,#1605,#1606,#1607));
#333=EDGE_LOOP('',(#1608,#1609,#1610,#1611));
#334=EDGE_LOOP('',(#1612,#1613,#1614,#1615));
#335=EDGE_LOOP('',(#1616,#1617,#1618,#1619));
#336=EDGE_LOOP('',(#1620,#1621,#1622,#1623));
#337=EDGE_LOOP('',(#1624,#1625,#1626,#1627));
#338=EDGE_LOOP('',(#1628,#1629,#1630,#1631));
#339=EDGE_LOOP('',(#1632,#1633,#1634,#1635));
#340=EDGE_LOOP('',(#1636,#1637,#1638,#1639));
#341=EDGE_LOOP('',(#1640,#1641,#1642,#1643));
#342=EDGE_LOOP('',(#1644,#1645,#1646,#1647));
#343=EDGE_LOOP('',(#1648,#1649,#1650,#1651));
#344=EDGE_LOOP('',(#1652,#1653,#1654,#1655));
#345=EDGE_LOOP('',(#1656,#1657,#1658,#1659));
#346=EDGE_LOOP('',(#1660,#1661,#1662,#1663));
#347=EDGE_LOOP('',(#1664,#1665,#1666,#1667));
#348=EDGE_LOOP('',(#1668,#1669,#1670,#1671));
#349=EDGE_LOOP('',(#1672,#1673,#1674,#1675));
#350=EDGE_LOOP('',(#1676,#1677,#1678,#1679));
#351=EDGE_LOOP('',(#1680,#1681,#1682,#1683));
#352=EDGE_LOOP('',(#1684,#1685,#1686,#1687));
#353=EDGE_LOOP('',(#1688,#1689,#1690,#1691));
#354=EDGE_LOOP('',(#1692,#1693,#1694,#1695));
#355=EDGE_LOOP('',(#1696,#1697,#1698,#1699,#1700,#1701,#1702,#1703));
#356=EDGE_LOOP('',(#1704,#1705,#1706,#1707,#1708,#1709,#1710,#1711));
#357=EDGE_LOOP('',(#1712,#1713,#1714,#1715,#1716,#1717,#1718,#1719,#1720,
#1721,#1722,#1723));
#358=EDGE_LOOP('',(#1724,#1725,#1726,#1727));
#359=EDGE_LOOP('',(#1728,#1729,#1730,#1731));
#360=EDGE_LOOP('',(#1732,#1733,#1734,#1735));
#361=EDGE_LOOP('',(#1736,#1737,#1738,#1739));
#362=EDGE_LOOP('',(#1740,#1741,#1742,#1743));
#363=EDGE_LOOP('',(#1744,#1745,#1746,#1747));
#364=EDGE_LOOP('',(#1748,#1749,#1750,#1751));
#365=EDGE_LOOP('',(#1752,#1753,#1754,#1755));
#366=EDGE_LOOP('',(#1756,#1757,#1758,#1759,#1760,#1761,#1762,#1763));
#367=EDGE_LOOP('',(#1764,#1765,#1766,#1767,#1768,#1769,#1770,#1771));
#368=LINE('',#2661,#576);
#369=LINE('',#2663,#577);
#370=LINE('',#2665,#578);
#371=LINE('',#2666,#579);
#372=LINE('',#2670,#580);
#373=LINE('',#2672,#581);
#374=LINE('',#2674,#582);
#375=LINE('',#2675,#583);
#376=LINE('',#2679,#584);
#377=LINE('',#2681,#585);
#378=LINE('',#2683,#586);
#379=LINE('',#2684,#587);
#380=LINE('',#2688,#588);
#381=LINE('',#2690,#589);
#382=LINE('',#2692,#590);
#383=LINE('',#2693,#591);
#384=LINE('',#3653,#592);
#385=LINE('',#3655,#593);
#386=LINE('',#3656,#594);
#387=LINE('',#3659,#595);
#388=LINE('',#3663,#596);
#389=LINE('',#3667,#597);
#390=LINE('',#3668,#598);
#391=LINE('',#3671,#599);
#392=LINE('',#3672,#600);
#393=LINE('',#3675,#601);
#394=LINE('',#3679,#602);
#395=LINE('',#3682,#603);
#396=LINE('',#3686,#604);
#397=LINE('',#3688,#605);
#398=LINE('',#3689,#606);
#399=LINE('',#3691,#607);
#400=LINE('',#3693,#608);
#401=LINE('',#3695,#609);
#402=LINE('',#3696,#610);
#403=LINE('',#3698,#611);
#404=LINE('',#3700,#612);
#405=LINE('',#3702,#613);
#406=LINE('',#3703,#614);
#407=LINE('',#3705,#615);
#408=LINE('',#3707,#616);
#409=LINE('',#3709,#617);
#410=LINE('',#3710,#618);
#411=LINE('',#3711,#619);
#412=LINE('',#3713,#620);
#413=LINE('',#3715,#621);
#414=LINE('',#3717,#622);
#415=LINE('',#3719,#623);
#416=LINE('',#3721,#624);
#417=LINE('',#3723,#625);
#418=LINE('',#3725,#626);
#419=LINE('',#3727,#627);
#420=LINE('',#3730,#628);
#421=LINE('',#3732,#629);
#422=LINE('',#3733,#630);
#423=LINE('',#3736,#631);
#424=LINE('',#3738,#632);
#425=LINE('',#3740,#633);
#426=LINE('',#3741,#634);
#427=LINE('',#3744,#635);
#428=LINE('',#3746,#636);
#429=LINE('',#3747,#637);
#430=LINE('',#3750,#638);
#431=LINE('',#3752,#639);
#432=LINE('',#3753,#640);
#433=LINE('',#3755,#641);
#434=LINE('',#3757,#642);
#435=LINE('',#3760,#643);
#436=LINE('',#3763,#644);
#437=LINE('',#3765,#645);
#438=LINE('',#3767,#646);
#439=LINE('',#3768,#647);
#440=LINE('',#3771,#648);
#441=LINE('',#3773,#649);
#442=LINE('',#3774,#650);
#443=LINE('',#3776,#651);
#444=LINE('',#3778,#652);
#445=LINE('',#3781,#653);
#446=LINE('',#3784,#654);
#447=LINE('',#3786,#655);
#448=LINE('',#3788,#656);
#449=LINE('',#3789,#657);
#450=LINE('',#3792,#658);
#451=LINE('',#3794,#659);
#452=LINE('',#3795,#660);
#453=LINE('',#3797,#661);
#454=LINE('',#3799,#662);
#455=LINE('',#3804,#663);
#456=LINE('',#3806,#664);
#457=LINE('',#3808,#665);
#458=LINE('',#3809,#666);
#459=LINE('',#3812,#667);
#460=LINE('',#3814,#668);
#461=LINE('',#3815,#669);
#462=LINE('',#3817,#670);
#463=LINE('',#3819,#671);
#464=LINE('',#3827,#672);
#465=LINE('',#3830,#673);
#466=LINE('',#3833,#674);
#467=LINE('',#3835,#675);
#468=LINE('',#3836,#676);
#469=LINE('',#3842,#677);
#470=LINE('',#3845,#678);
#471=LINE('',#3847,#679);
#472=LINE('',#3848,#680);
#473=LINE('',#3854,#681);
#474=LINE('',#3857,#682);
#475=LINE('',#3859,#683);
#476=LINE('',#3860,#684);
#477=LINE('',#3866,#685);
#478=LINE('',#3868,#686);
#479=LINE('',#3869,#687);
#480=LINE('',#3875,#688);
#481=LINE('',#3878,#689);
#482=LINE('',#3884,#690);
#483=LINE('',#3887,#691);
#484=LINE('',#3949,#692);
#485=LINE('',#3950,#693);
#486=LINE('',#3985,#694);
#487=LINE('',#3986,#695);
#488=LINE('',#4016,#696);
#489=LINE('',#4019,#697);
#490=LINE('',#4022,#698);
#491=LINE('',#4023,#699);
#492=LINE('',#4026,#700);
#493=LINE('',#4030,#701);
#494=LINE('',#4031,#702);
#495=LINE('',#4035,#703);
#496=LINE('',#4039,#704);
#497=LINE('',#4040,#705);
#498=LINE('',#4043,#706);
#499=LINE('',#4046,#707);
#500=LINE('',#4050,#708);
#501=LINE('',#4052,#709);
#502=LINE('',#4054,#710);
#503=LINE('',#4056,#711);
#504=LINE('',#4058,#712);
#505=LINE('',#4060,#713);
#506=LINE('',#4062,#714);
#507=LINE('',#4064,#715);
#508=LINE('',#4066,#716);
#509=LINE('',#4068,#717);
#510=LINE('',#4070,#718);
#511=LINE('',#4071,#719);
#512=LINE('',#4074,#720);
#513=LINE('',#4076,#721);
#514=LINE('',#4077,#722);
#515=LINE('',#4080,#723);
#516=LINE('',#4081,#724);
#517=LINE('',#4084,#725);
#518=LINE('',#4085,#726);
#519=LINE('',#4088,#727);
#520=LINE('',#4089,#728);
#521=LINE('',#4092,#729);
#522=LINE('',#4093,#730);
#523=LINE('',#4096,#731);
#524=LINE('',#4097,#732);
#525=LINE('',#4100,#733);
#526=LINE('',#4101,#734);
#527=LINE('',#4104,#735);
#528=LINE('',#4105,#736);
#529=LINE('',#4108,#737);
#530=LINE('',#4109,#738);
#531=LINE('',#4112,#739);
#532=LINE('',#4113,#740);
#533=LINE('',#4116,#741);
#534=LINE('',#4117,#742);
#535=LINE('',#4119,#743);
#536=LINE('',#4122,#744);
#537=LINE('',#4124,#745);
#538=LINE('',#4125,#746);
#539=LINE('',#4128,#747);
#540=LINE('',#4129,#748);
#541=LINE('',#4132,#749);
#542=LINE('',#4133,#750);
#543=LINE('',#4136,#751);
#544=LINE('',#4137,#752);
#545=LINE('',#4140,#753);
#546=LINE('',#4141,#754);
#547=LINE('',#4144,#755);
#548=LINE('',#4145,#756);
#549=LINE('',#4148,#757);
#550=LINE('',#4149,#758);
#551=LINE('',#4152,#759);
#552=LINE('',#4153,#760);
#553=LINE('',#4156,#761);
#554=LINE('',#4157,#762);
#555=LINE('',#4160,#763);
#556=LINE('',#4161,#764);
#557=LINE('',#4164,#765);
#558=LINE('',#4165,#766);
#559=LINE('',#4167,#767);
#560=LINE('',#4173,#768);
#561=LINE('',#4177,#769);
#562=LINE('',#4181,#770);
#563=LINE('',#4184,#771);
#564=LINE('',#4215,#772);
#565=LINE('',#4217,#773);
#566=LINE('',#4221,#774);
#567=LINE('',#4222,#775);
#568=LINE('',#4252,#776);
#569=LINE('',#4256,#777);
#570=LINE('',#4257,#778);
#571=LINE('',#4287,#779);
#572=LINE('',#4291,#780);
#573=LINE('',#4292,#781);
#574=LINE('',#4322,#782);
#575=LINE('',#4325,#783);
#576=VECTOR('',#2148,10.);
#577=VECTOR('',#2149,10.);
#578=VECTOR('',#2150,10.);
#579=VECTOR('',#2151,10.);
#580=VECTOR('',#2154,10.);
#581=VECTOR('',#2155,10.);
#582=VECTOR('',#2156,10.);
#583=VECTOR('',#2157,10.);
#584=VECTOR('',#2160,10.);
#585=VECTOR('',#2161,10.);
#586=VECTOR('',#2162,10.);
#587=VECTOR('',#2163,10.);
#588=VECTOR('',#2166,10.);
#589=VECTOR('',#2167,10.);
#590=VECTOR('',#2168,10.);
#591=VECTOR('',#2169,10.);
#592=VECTOR('',#2196,10.);
#593=VECTOR('',#2197,10.);
#594=VECTOR('',#2198,10.);
#595=VECTOR('',#2201,10.);
#596=VECTOR('',#2206,10.);
#597=VECTOR('',#2211,10.);
#598=VECTOR('',#2212,10.);
#599=VECTOR('',#2215,10.);
#600=VECTOR('',#2216,10.);
#601=VECTOR('',#2219,10.);
#602=VECTOR('',#2224,10.);
#603=VECTOR('',#2229,10.);
#604=VECTOR('',#2232,10.);
#605=VECTOR('',#2233,10.);
#606=VECTOR('',#2234,10.);
#607=VECTOR('',#2235,10.);
#608=VECTOR('',#2236,10.);
#609=VECTOR('',#2237,10.);
#610=VECTOR('',#2238,10.);
#611=VECTOR('',#2239,10.);
#612=VECTOR('',#2240,10.);
#613=VECTOR('',#2241,10.);
#614=VECTOR('',#2242,10.);
#615=VECTOR('',#2243,10.);
#616=VECTOR('',#2244,10.);
#617=VECTOR('',#2245,10.);
#618=VECTOR('',#2246,10.);
#619=VECTOR('',#2247,10.);
#620=VECTOR('',#2250,1.00000000000027);
#621=VECTOR('',#2253,1.00000000000027);
#622=VECTOR('',#2256,1.00000000000027);
#623=VECTOR('',#2259,1.00000000000027);
#624=VECTOR('',#2262,1.00000000000027);
#625=VECTOR('',#2265,1.00000000000027);
#626=VECTOR('',#2268,1.00000000000027);
#627=VECTOR('',#2271,1.00000000000027);
#628=VECTOR('',#2274,0.999999999999652);
#629=VECTOR('',#2275,1.);
#630=VECTOR('',#2276,0.999999999999652);
#631=VECTOR('',#2277,1.);
#632=VECTOR('',#2278,1.00000000000027);
#633=VECTOR('',#2279,1.);
#634=VECTOR('',#2280,1.00000000000027);
#635=VECTOR('',#2283,1.);
#636=VECTOR('',#2284,1.);
#637=VECTOR('',#2285,1.);
#638=VECTOR('',#2288,0.999999999999909);
#639=VECTOR('',#2289,1.);
#640=VECTOR('',#2290,0.999999999999909);
#641=VECTOR('',#2293,1.);
#642=VECTOR('',#2296,1.);
#643=VECTOR('',#2301,0.999999999999652);
#644=VECTOR('',#2302,1.);
#645=VECTOR('',#2303,1.00000000000027);
#646=VECTOR('',#2304,1.);
#647=VECTOR('',#2305,1.00000000000027);
#648=VECTOR('',#2308,0.999999999999909);
#649=VECTOR('',#2309,1.);
#650=VECTOR('',#2310,0.999999999999909);
#651=VECTOR('',#2313,1.);
#652=VECTOR('',#2316,1.);
#653=VECTOR('',#2321,0.999999999999652);
#654=VECTOR('',#2322,1.);
#655=VECTOR('',#2323,1.00000000000027);
#656=VECTOR('',#2324,1.);
#657=VECTOR('',#2325,1.00000000000027);
#658=VECTOR('',#2328,0.999999999999909);
#659=VECTOR('',#2329,1.);
#660=VECTOR('',#2330,0.999999999999909);
#661=VECTOR('',#2333,1.);
#662=VECTOR('',#2336,1.);
#663=VECTOR('',#2341,1.);
#664=VECTOR('',#2342,1.00000000000027);
#665=VECTOR('',#2343,1.);
#666=VECTOR('',#2344,1.00000000000027);
#667=VECTOR('',#2347,0.999999999999909);
#668=VECTOR('',#2348,1.);
#669=VECTOR('',#2349,0.999999999999909);
#670=VECTOR('',#2352,1.);
#671=VECTOR('',#2355,1.);
#672=VECTOR('',#2364,10.);
#673=VECTOR('',#2367,10.);
#674=VECTOR('',#2370,10.);
#675=VECTOR('',#2371,10.);
#676=VECTOR('',#2372,10.);
#677=VECTOR('',#2377,10.);
#678=VECTOR('',#2380,10.);
#679=VECTOR('',#2383,10.);
#680=VECTOR('',#2384,10.);
#681=VECTOR('',#2389,10.);
#682=VECTOR('',#2392,10.);
#683=VECTOR('',#2395,10.);
#684=VECTOR('',#2396,10.);
#685=VECTOR('',#2403,10.);
#686=VECTOR('',#2406,10.);
#687=VECTOR('',#2407,10.);
#688=VECTOR('',#2412,10.);
#689=VECTOR('',#2415,10.);
#690=VECTOR('',#2420,10.);
#691=VECTOR('',#2423,10.);
#692=VECTOR('',#2438,10.);
#693=VECTOR('',#2439,10.);
#694=VECTOR('',#2450,10.);
#695=VECTOR('',#2451,10.);
#696=VECTOR('',#2458,10.);
#697=VECTOR('',#2461,10.);
#698=VECTOR('',#2464,10.);
#699=VECTOR('',#2465,10.);
#700=VECTOR('',#2468,10.);
#701=VECTOR('',#2473,10.);
#702=VECTOR('',#2474,10.);
#703=VECTOR('',#2479,10.);
#704=VECTOR('',#2484,10.);
#705=VECTOR('',#2485,10.);
#706=VECTOR('',#2488,10.);
#707=VECTOR('',#2493,10.);
#708=VECTOR('',#2496,1.);
#709=VECTOR('',#2497,1.);
#710=VECTOR('',#2498,1.);
#711=VECTOR('',#2499,1.);
#712=VECTOR('',#2500,1.);
#713=VECTOR('',#2501,1.);
#714=VECTOR('',#2502,1.);
#715=VECTOR('',#2503,1.);
#716=VECTOR('',#2504,1.);
#717=VECTOR('',#2505,1.);
#718=VECTOR('',#2506,1.);
#719=VECTOR('',#2507,1.);
#720=VECTOR('',#2510,1.00000000000065);
#721=VECTOR('',#2511,10.);
#722=VECTOR('',#2512,1.00000000000065);
#723=VECTOR('',#2515,1.00000000000065);
#724=VECTOR('',#2516,10.);
#725=VECTOR('',#2519,10.);
#726=VECTOR('',#2520,1.00000000000065);
#727=VECTOR('',#2523,1.00000000000065);
#728=VECTOR('',#2524,10.);
#729=VECTOR('',#2527,10.);
#730=VECTOR('',#2528,1.00000000000065);
#731=VECTOR('',#2531,1.00000000000065);
#732=VECTOR('',#2532,10.);
#733=VECTOR('',#2535,10.);
#734=VECTOR('',#2536,1.00000000000065);
#735=VECTOR('',#2539,1.00000000000065);
#736=VECTOR('',#2540,10.);
#737=VECTOR('',#2543,10.);
#738=VECTOR('',#2544,1.00000000000065);
#739=VECTOR('',#2547,1.00000000000065);
#740=VECTOR('',#2548,10.);
#741=VECTOR('',#2551,10.);
#742=VECTOR('',#2552,1.00000000000065);
#743=VECTOR('',#2555,10.);
#744=VECTOR('',#2558,10.);
#745=VECTOR('',#2559,10.);
#746=VECTOR('',#2560,10.);
#747=VECTOR('',#2563,10.);
#748=VECTOR('',#2564,10.);
#749=VECTOR('',#2567,10.);
#750=VECTOR('',#2568,10.);
#751=VECTOR('',#2571,10.);
#752=VECTOR('',#2572,10.);
#753=VECTOR('',#2575,10.);
#754=VECTOR('',#2576,10.);
#755=VECTOR('',#2579,10.);
#756=VECTOR('',#2580,10.);
#757=VECTOR('',#2583,10.);
#758=VECTOR('',#2584,10.);
#759=VECTOR('',#2587,10.);
#760=VECTOR('',#2588,10.);
#761=VECTOR('',#2591,10.);
#762=VECTOR('',#2592,10.);
#763=VECTOR('',#2595,10.);
#764=VECTOR('',#2596,10.);
#765=VECTOR('',#2599,10.);
#766=VECTOR('',#2600,10.);
#767=VECTOR('',#2603,10.);
#768=VECTOR('',#2608,1.);
#769=VECTOR('',#2611,1.);
#770=VECTOR('',#2614,1.);
#771=VECTOR('',#2617,1.);
#772=VECTOR('',#2620,10.);
#773=VECTOR('',#2621,10.);
#774=VECTOR('',#2626,10.);
#775=VECTOR('',#2627,1.);
#776=VECTOR('',#2628,10.);
#777=VECTOR('',#2633,1.);
#778=VECTOR('',#2634,10.);
#779=VECTOR('',#2635,10.);
#780=VECTOR('',#2640,1.);
#781=VECTOR('',#2641,10.);
#782=VECTOR('',#2642,10.);
#783=VECTOR('',#2647,1.);
#784=VERTEX_POINT('',#2659);
#785=VERTEX_POINT('',#2660);
#786=VERTEX_POINT('',#2662);
#787=VERTEX_POINT('',#2664);
#788=VERTEX_POINT('',#2668);
#789=VERTEX_POINT('',#2669);
#790=VERTEX_POINT('',#2671);
#791=VERTEX_POINT('',#2673);
#792=VERTEX_POINT('',#2677);
#793=VERTEX_POINT('',#2678);
#794=VERTEX_POINT('',#2680);
#795=VERTEX_POINT('',#2682);
#796=VERTEX_POINT('',#2686);
#797=VERTEX_POINT('',#2687);
#798=VERTEX_POINT('',#2689);
#799=VERTEX_POINT('',#2691);
#800=VERTEX_POINT('',#2695);
#801=VERTEX_POINT('',#2696);
#802=VERTEX_POINT('',#2723);
#803=VERTEX_POINT('',#2746);
#804=VERTEX_POINT('',#2773);
#805=VERTEX_POINT('',#2796);
#806=VERTEX_POINT('',#2823);
#807=VERTEX_POINT('',#2846);
#808=VERTEX_POINT('',#2977);
#809=VERTEX_POINT('',#2979);
#810=VERTEX_POINT('',#3074);
#811=VERTEX_POINT('',#3194);
#812=VERTEX_POINT('',#3275);
#813=VERTEX_POINT('',#3381);
#814=VERTEX_POINT('',#3475);
#815=VERTEX_POINT('',#3544);
#816=VERTEX_POINT('',#3652);
#817=VERTEX_POINT('',#3654);
#818=VERTEX_POINT('',#3658);
#819=VERTEX_POINT('',#3662);
#820=VERTEX_POINT('',#3666);
#821=VERTEX_POINT('',#3670);
#822=VERTEX_POINT('',#3674);
#823=VERTEX_POINT('',#3678);
#824=VERTEX_POINT('',#3684);
#825=VERTEX_POINT('',#3685);
#826=VERTEX_POINT('',#3687);
#827=VERTEX_POINT('',#3690);
#828=VERTEX_POINT('',#3692);
#829=VERTEX_POINT('',#3694);
#830=VERTEX_POINT('',#3697);
#831=VERTEX_POINT('',#3699);
#832=VERTEX_POINT('',#3701);
#833=VERTEX_POINT('',#3704);
#834=VERTEX_POINT('',#3706);
#835=VERTEX_POINT('',#3708);
#836=VERTEX_POINT('',#3729);
#837=VERTEX_POINT('',#3731);
#838=VERTEX_POINT('',#3734);
#839=VERTEX_POINT('',#3735);
#840=VERTEX_POINT('',#3737);
#841=VERTEX_POINT('',#3739);
#842=VERTEX_POINT('',#3743);
#843=VERTEX_POINT('',#3745);
#844=VERTEX_POINT('',#3749);
#845=VERTEX_POINT('',#3751);
#846=VERTEX_POINT('',#3761);
#847=VERTEX_POINT('',#3762);
#848=VERTEX_POINT('',#3764);
#849=VERTEX_POINT('',#3766);
#850=VERTEX_POINT('',#3770);
#851=VERTEX_POINT('',#3772);
#852=VERTEX_POINT('',#3782);
#853=VERTEX_POINT('',#3783);
#854=VERTEX_POINT('',#3785);
#855=VERTEX_POINT('',#3787);
#856=VERTEX_POINT('',#3791);
#857=VERTEX_POINT('',#3793);
#858=VERTEX_POINT('',#3802);
#859=VERTEX_POINT('',#3803);
#860=VERTEX_POINT('',#3805);
#861=VERTEX_POINT('',#3807);
#862=VERTEX_POINT('',#3811);
#863=VERTEX_POINT('',#3813);
#864=VERTEX_POINT('',#3823);
#865=VERTEX_POINT('',#3824);
#866=VERTEX_POINT('',#3826);
#867=VERTEX_POINT('',#3828);
#868=VERTEX_POINT('',#3832);
#869=VERTEX_POINT('',#3834);
#870=VERTEX_POINT('',#3838);
#871=VERTEX_POINT('',#3839);
#872=VERTEX_POINT('',#3841);
#873=VERTEX_POINT('',#3843);
#874=VERTEX_POINT('',#3850);
#875=VERTEX_POINT('',#3851);
#876=VERTEX_POINT('',#3853);
#877=VERTEX_POINT('',#3855);
#878=VERTEX_POINT('',#3862);
#879=VERTEX_POINT('',#3864);
#880=VERTEX_POINT('',#3871);
#881=VERTEX_POINT('',#3872);
#882=VERTEX_POINT('',#3874);
#883=VERTEX_POINT('',#3876);
#884=VERTEX_POINT('',#3880);
#885=VERTEX_POINT('',#3881);
#886=VERTEX_POINT('',#3883);
#887=VERTEX_POINT('',#3885);
#888=VERTEX_POINT('',#3913);
#889=VERTEX_POINT('',#3914);
#890=VERTEX_POINT('',#3946);
#891=VERTEX_POINT('',#3947);
#892=VERTEX_POINT('',#3976);
#893=VERTEX_POINT('',#3977);
#894=VERTEX_POINT('',#3982);
#895=VERTEX_POINT('',#3983);
#896=VERTEX_POINT('',#4015);
#897=VERTEX_POINT('',#4017);
#898=VERTEX_POINT('',#4021);
#899=VERTEX_POINT('',#4025);
#900=VERTEX_POINT('',#4029);
#901=VERTEX_POINT('',#4034);
#902=VERTEX_POINT('',#4038);
#903=VERTEX_POINT('',#4042);
#904=VERTEX_POINT('',#4048);
#905=VERTEX_POINT('',#4049);
#906=VERTEX_POINT('',#4051);
#907=VERTEX_POINT('',#4053);
#908=VERTEX_POINT('',#4055);
#909=VERTEX_POINT('',#4057);
#910=VERTEX_POINT('',#4059);
#911=VERTEX_POINT('',#4061);
#912=VERTEX_POINT('',#4063);
#913=VERTEX_POINT('',#4065);
#914=VERTEX_POINT('',#4067);
#915=VERTEX_POINT('',#4069);
#916=VERTEX_POINT('',#4073);
#917=VERTEX_POINT('',#4075);
#918=VERTEX_POINT('',#4079);
#919=VERTEX_POINT('',#4083);
#920=VERTEX_POINT('',#4087);
#921=VERTEX_POINT('',#4091);
#922=VERTEX_POINT('',#4095);
#923=VERTEX_POINT('',#4099);
#924=VERTEX_POINT('',#4103);
#925=VERTEX_POINT('',#4107);
#926=VERTEX_POINT('',#4111);
#927=VERTEX_POINT('',#4115);
#928=VERTEX_POINT('',#4121);
#929=VERTEX_POINT('',#4123);
#930=VERTEX_POINT('',#4127);
#931=VERTEX_POINT('',#4131);
#932=VERTEX_POINT('',#4135);
#933=VERTEX_POINT('',#4139);
#934=VERTEX_POINT('',#4143);
#935=VERTEX_POINT('',#4147);
#936=VERTEX_POINT('',#4151);
#937=VERTEX_POINT('',#4155);
#938=VERTEX_POINT('',#4159);
#939=VERTEX_POINT('',#4163);
#940=VERTEX_POINT('',#4169);
#941=VERTEX_POINT('',#4170);
#942=VERTEX_POINT('',#4172);
#943=VERTEX_POINT('',#4174);
#944=VERTEX_POINT('',#4176);
#945=VERTEX_POINT('',#4178);
#946=VERTEX_POINT('',#4180);
#947=VERTEX_POINT('',#4182);
#948=VERTEX_POINT('',#4214);
#949=VERTEX_POINT('',#4216);
#950=VERTEX_POINT('',#4220);
#951=VERTEX_POINT('',#4251);
#952=VERTEX_POINT('',#4255);
#953=VERTEX_POINT('',#4286);
#954=VERTEX_POINT('',#4290);
#955=VERTEX_POINT('',#4321);
#956=EDGE_CURVE('',#784,#785,#368,.F.);
#957=EDGE_CURVE('',#786,#784,#369,.T.);
#958=EDGE_CURVE('',#786,#787,#370,.T.);
#959=EDGE_CURVE('',#785,#787,#371,.T.);
#960=EDGE_CURVE('',#788,#789,#372,.F.);
#961=EDGE_CURVE('',#790,#788,#373,.T.);
#962=EDGE_CURVE('',#790,#791,#374,.T.);
#963=EDGE_CURVE('',#789,#791,#375,.T.);
#964=EDGE_CURVE('',#792,#793,#376,.F.);
#965=EDGE_CURVE('',#794,#792,#377,.T.);
#966=EDGE_CURVE('',#794,#795,#378,.T.);
#967=EDGE_CURVE('',#793,#795,#379,.T.);
#968=EDGE_CURVE('',#796,#797,#380,.F.);
#969=EDGE_CURVE('',#798,#796,#381,.T.);
#970=EDGE_CURVE('',#798,#799,#382,.T.);
#971=EDGE_CURVE('',#797,#799,#383,.T.);
#972=EDGE_CURVE('',#800,#801,#127,.T.);
#973=EDGE_CURVE('',#802,#800,#123,.T.);
#974=EDGE_CURVE('',#803,#802,#128,.T.);
#975=EDGE_CURVE('',#804,#803,#124,.T.);
#976=EDGE_CURVE('',#805,#804,#129,.T.);
#977=EDGE_CURVE('',#806,#805,#125,.T.);
#978=EDGE_CURVE('',#807,#806,#130,.T.);
#979=EDGE_CURVE('',#801,#807,#126,.T.);
#980=EDGE_CURVE('',#807,#808,#83,.T.);
#981=EDGE_CURVE('',#806,#809,#84,.T.);
#982=EDGE_CURVE('',#808,#809,#131,.T.);
#983=EDGE_CURVE('',#801,#810,#85,.T.);
#984=EDGE_CURVE('',#810,#808,#132,.T.);
#985=EDGE_CURVE('',#805,#811,#86,.T.);
#986=EDGE_CURVE('',#809,#811,#64,.T.);
#987=EDGE_CURVE('',#800,#812,#87,.T.);
#988=EDGE_CURVE('',#812,#810,#133,.T.);
#989=EDGE_CURVE('',#804,#813,#88,.T.);
#990=EDGE_CURVE('',#811,#813,#134,.T.);
#991=EDGE_CURVE('',#802,#814,#89,.T.);
#992=EDGE_CURVE('',#814,#812,#65,.T.);
#993=EDGE_CURVE('',#803,#815,#90,.T.);
#994=EDGE_CURVE('',#813,#815,#66,.T.);
#995=EDGE_CURVE('',#815,#814,#135,.T.);
#996=EDGE_CURVE('',#808,#816,#384,.T.);
#997=EDGE_CURVE('',#809,#817,#385,.T.);
#998=EDGE_CURVE('',#816,#817,#386,.T.);
#999=EDGE_CURVE('',#810,#818,#387,.T.);
#1000=EDGE_CURVE('',#818,#816,#67,.T.);
#1001=EDGE_CURVE('',#811,#819,#388,.T.);
#1002=EDGE_CURVE('',#817,#819,#68,.T.);
#1003=EDGE_CURVE('',#812,#820,#389,.T.);
#1004=EDGE_CURVE('',#820,#818,#390,.T.);
#1005=EDGE_CURVE('',#813,#821,#391,.T.);
#1006=EDGE_CURVE('',#819,#821,#392,.T.);
#1007=EDGE_CURVE('',#814,#822,#393,.T.);
#1008=EDGE_CURVE('',#822,#820,#69,.T.);
#1009=EDGE_CURVE('',#815,#823,#394,.T.);
#1010=EDGE_CURVE('',#823,#821,#70,.T.);
#1011=EDGE_CURVE('',#823,#822,#395,.T.);
#1012=EDGE_CURVE('',#824,#825,#396,.T.);
#1013=EDGE_CURVE('',#825,#826,#397,.T.);
#1014=EDGE_CURVE('',#826,#787,#398,.T.);
#1015=EDGE_CURVE('',#827,#786,#399,.T.);
#1016=EDGE_CURVE('',#827,#828,#400,.T.);
#1017=EDGE_CURVE('',#828,#829,#401,.T.);
#1018=EDGE_CURVE('',#829,#799,#402,.T.);
#1019=EDGE_CURVE('',#830,#798,#403,.T.);
#1020=EDGE_CURVE('',#830,#831,#404,.T.);
#1021=EDGE_CURVE('',#831,#832,#405,.T.);
#1022=EDGE_CURVE('',#832,#795,#406,.T.);
#1023=EDGE_CURVE('',#833,#794,#407,.T.);
#1024=EDGE_CURVE('',#833,#834,#408,.T.);
#1025=EDGE_CURVE('',#834,#835,#409,.T.);
#1026=EDGE_CURVE('',#835,#791,#410,.T.);
#1027=EDGE_CURVE('',#824,#790,#411,.T.);
#1028=EDGE_CURVE('',#788,#824,#412,.T.);
#1029=EDGE_CURVE('',#789,#835,#413,.T.);
#1030=EDGE_CURVE('',#792,#833,#414,.T.);
#1031=EDGE_CURVE('',#793,#832,#415,.T.);
#1032=EDGE_CURVE('',#796,#830,#416,.T.);
#1033=EDGE_CURVE('',#797,#829,#417,.T.);
#1034=EDGE_CURVE('',#784,#827,#418,.T.);
#1035=EDGE_CURVE('',#785,#826,#419,.T.);
#1036=EDGE_CURVE('',#834,#836,#420,.T.);
#1037=EDGE_CURVE('',#837,#836,#421,.T.);
#1038=EDGE_CURVE('',#837,#825,#422,.T.);
#1039=EDGE_CURVE('',#838,#839,#423,.T.);
#1040=EDGE_CURVE('',#840,#839,#424,.T.);
#1041=EDGE_CURVE('',#841,#840,#425,.T.);
#1042=EDGE_CURVE('',#841,#838,#426,.T.);
#1043=EDGE_CURVE('',#842,#837,#427,.T.);
#1044=EDGE_CURVE('',#836,#843,#428,.T.);
#1045=EDGE_CURVE('',#843,#842,#429,.T.);
#1046=EDGE_CURVE('',#838,#844,#430,.T.);
#1047=EDGE_CURVE('',#844,#845,#431,.T.);
#1048=EDGE_CURVE('',#839,#845,#432,.T.);
#1049=EDGE_CURVE('',#845,#840,#433,.T.);
#1050=EDGE_CURVE('',#844,#841,#434,.T.);
#1051=EDGE_CURVE('',#831,#843,#435,.T.);
#1052=EDGE_CURVE('',#846,#847,#436,.T.);
#1053=EDGE_CURVE('',#848,#847,#437,.T.);
#1054=EDGE_CURVE('',#849,#848,#438,.T.);
#1055=EDGE_CURVE('',#849,#846,#439,.T.);
#1056=EDGE_CURVE('',#846,#850,#440,.T.);
#1057=EDGE_CURVE('',#850,#851,#441,.T.);
#1058=EDGE_CURVE('',#847,#851,#442,.T.);
#1059=EDGE_CURVE('',#851,#848,#443,.T.);
#1060=EDGE_CURVE('',#850,#849,#444,.T.);
#1061=EDGE_CURVE('',#842,#828,#445,.T.);
#1062=EDGE_CURVE('',#852,#853,#446,.T.);
#1063=EDGE_CURVE('',#854,#853,#447,.T.);
#1064=EDGE_CURVE('',#855,#854,#448,.T.);
#1065=EDGE_CURVE('',#855,#852,#449,.T.);
#1066=EDGE_CURVE('',#852,#856,#450,.T.);
#1067=EDGE_CURVE('',#856,#857,#451,.T.);
#1068=EDGE_CURVE('',#853,#857,#452,.T.);
#1069=EDGE_CURVE('',#857,#854,#453,.T.);
#1070=EDGE_CURVE('',#856,#855,#454,.T.);
#1071=EDGE_CURVE('',#858,#859,#455,.T.);
#1072=EDGE_CURVE('',#860,#859,#456,.T.);
#1073=EDGE_CURVE('',#861,#860,#457,.T.);
#1074=EDGE_CURVE('',#861,#858,#458,.T.);
#1075=EDGE_CURVE('',#858,#862,#459,.T.);
#1076=EDGE_CURVE('',#862,#863,#460,.T.);
#1077=EDGE_CURVE('',#859,#863,#461,.T.);
#1078=EDGE_CURVE('',#863,#860,#462,.T.);
#1079=EDGE_CURVE('',#862,#861,#463,.T.);
#1080=EDGE_CURVE('',#864,#865,#91,.T.);
#1081=EDGE_CURVE('',#865,#866,#464,.T.);
#1082=EDGE_CURVE('',#866,#867,#92,.F.);
#1083=EDGE_CURVE('',#867,#864,#465,.T.);
#1084=EDGE_CURVE('',#868,#867,#466,.T.);
#1085=EDGE_CURVE('',#869,#868,#467,.T.);
#1086=EDGE_CURVE('',#864,#869,#468,.T.);
#1087=EDGE_CURVE('',#870,#871,#93,.T.);
#1088=EDGE_CURVE('',#871,#872,#469,.T.);
#1089=EDGE_CURVE('',#872,#873,#94,.F.);
#1090=EDGE_CURVE('',#873,#870,#470,.T.);
#1091=EDGE_CURVE('',#870,#865,#471,.T.);
#1092=EDGE_CURVE('',#866,#873,#472,.T.);
#1093=EDGE_CURVE('',#874,#875,#95,.T.);
#1094=EDGE_CURVE('',#875,#876,#473,.T.);
#1095=EDGE_CURVE('',#876,#877,#96,.F.);
#1096=EDGE_CURVE('',#877,#874,#474,.T.);
#1097=EDGE_CURVE('',#874,#871,#475,.T.);
#1098=EDGE_CURVE('',#872,#877,#476,.T.);
#1099=EDGE_CURVE('',#878,#869,#97,.T.);
#1100=EDGE_CURVE('',#868,#879,#98,.F.);
#1101=EDGE_CURVE('',#879,#878,#477,.T.);
#1102=EDGE_CURVE('',#878,#875,#478,.T.);
#1103=EDGE_CURVE('',#876,#879,#479,.T.);
#1104=EDGE_CURVE('',#880,#881,#99,.T.);
#1105=EDGE_CURVE('',#881,#882,#480,.T.);
#1106=EDGE_CURVE('',#882,#883,#100,.T.);
#1107=EDGE_CURVE('',#883,#880,#481,.T.);
#1108=EDGE_CURVE('',#884,#885,#101,.T.);
#1109=EDGE_CURVE('',#885,#886,#482,.T.);
#1110=EDGE_CURVE('',#886,#887,#102,.T.);
#1111=EDGE_CURVE('',#887,#884,#483,.T.);
#1112=EDGE_CURVE('',#888,#889,#103,.T.);
#1113=EDGE_CURVE('',#889,#885,#71,.T.);
#1114=EDGE_CURVE('',#884,#888,#72,.T.);
#1115=EDGE_CURVE('',#886,#881,#73,.T.);
#1116=EDGE_CURVE('',#880,#887,#74,.T.);
#1117=EDGE_CURVE('',#890,#891,#104,.T.);
#1118=EDGE_CURVE('',#891,#889,#484,.T.);
#1119=EDGE_CURVE('',#888,#890,#485,.T.);
#1120=EDGE_CURVE('',#892,#893,#105,.T.);
#1121=EDGE_CURVE('',#893,#891,#75,.T.);
#1122=EDGE_CURVE('',#890,#892,#76,.T.);
#1123=EDGE_CURVE('',#894,#895,#106,.T.);
#1124=EDGE_CURVE('',#895,#893,#486,.T.);
#1125=EDGE_CURVE('',#892,#894,#487,.T.);
#1126=EDGE_CURVE('',#882,#895,#77,.T.);
#1127=EDGE_CURVE('',#894,#883,#78,.T.);
#1128=EDGE_CURVE('',#882,#896,#488,.T.);
#1129=EDGE_CURVE('',#896,#897,#79,.T.);
#1130=EDGE_CURVE('',#897,#895,#489,.T.);
#1131=EDGE_CURVE('',#898,#881,#490,.T.);
#1132=EDGE_CURVE('',#896,#898,#491,.F.);
#1133=EDGE_CURVE('',#886,#899,#492,.T.);
#1134=EDGE_CURVE('',#899,#898,#80,.T.);
#1135=EDGE_CURVE('',#900,#885,#493,.T.);
#1136=EDGE_CURVE('',#899,#900,#494,.F.);
#1137=EDGE_CURVE('',#889,#901,#495,.T.);
#1138=EDGE_CURVE('',#901,#900,#81,.T.);
#1139=EDGE_CURVE('',#902,#891,#496,.T.);
#1140=EDGE_CURVE('',#901,#902,#497,.F.);
#1141=EDGE_CURVE('',#893,#903,#498,.T.);
#1142=EDGE_CURVE('',#903,#902,#82,.T.);
#1143=EDGE_CURVE('',#903,#897,#499,.F.);
#1144=EDGE_CURVE('',#904,#905,#500,.T.);
#1145=EDGE_CURVE('',#905,#906,#501,.T.);
#1146=EDGE_CURVE('',#906,#907,#502,.T.);
#1147=EDGE_CURVE('',#907,#908,#503,.T.);
#1148=EDGE_CURVE('',#908,#909,#504,.T.);
#1149=EDGE_CURVE('',#909,#910,#505,.T.);
#1150=EDGE_CURVE('',#910,#911,#506,.T.);
#1151=EDGE_CURVE('',#911,#912,#507,.T.);
#1152=EDGE_CURVE('',#912,#913,#508,.T.);
#1153=EDGE_CURVE('',#913,#914,#509,.T.);
#1154=EDGE_CURVE('',#914,#915,#510,.T.);
#1155=EDGE_CURVE('',#915,#904,#511,.T.);
#1156=EDGE_CURVE('',#904,#916,#512,.T.);
#1157=EDGE_CURVE('',#916,#917,#513,.T.);
#1158=EDGE_CURVE('',#905,#917,#514,.T.);
#1159=EDGE_CURVE('',#915,#918,#515,.T.);
#1160=EDGE_CURVE('',#918,#916,#516,.T.);
#1161=EDGE_CURVE('',#917,#919,#517,.T.);
#1162=EDGE_CURVE('',#906,#919,#518,.T.);
#1163=EDGE_CURVE('',#914,#920,#519,.T.);
#1164=EDGE_CURVE('',#920,#918,#520,.T.);
#1165=EDGE_CURVE('',#919,#921,#521,.T.);
#1166=EDGE_CURVE('',#907,#921,#522,.T.);
#1167=EDGE_CURVE('',#913,#922,#523,.T.);
#1168=EDGE_CURVE('',#922,#920,#524,.T.);
#1169=EDGE_CURVE('',#921,#923,#525,.T.);
#1170=EDGE_CURVE('',#908,#923,#526,.T.);
#1171=EDGE_CURVE('',#912,#924,#527,.T.);
#1172=EDGE_CURVE('',#924,#922,#528,.T.);
#1173=EDGE_CURVE('',#923,#925,#529,.T.);
#1174=EDGE_CURVE('',#909,#925,#530,.T.);
#1175=EDGE_CURVE('',#911,#926,#531,.T.);
#1176=EDGE_CURVE('',#926,#924,#532,.T.);
#1177=EDGE_CURVE('',#925,#927,#533,.T.);
#1178=EDGE_CURVE('',#910,#927,#534,.T.);
#1179=EDGE_CURVE('',#927,#926,#535,.T.);
#1180=EDGE_CURVE('',#928,#916,#536,.F.);
#1181=EDGE_CURVE('',#928,#929,#537,.T.);
#1182=EDGE_CURVE('',#929,#917,#538,.T.);
#1183=EDGE_CURVE('',#930,#918,#539,.T.);
#1184=EDGE_CURVE('',#930,#928,#540,.T.);
#1185=EDGE_CURVE('',#929,#931,#541,.T.);
#1186=EDGE_CURVE('',#931,#919,#542,.F.);
#1187=EDGE_CURVE('',#932,#920,#543,.T.);
#1188=EDGE_CURVE('',#932,#930,#544,.T.);
#1189=EDGE_CURVE('',#931,#933,#545,.T.);
#1190=EDGE_CURVE('',#933,#921,#546,.F.);
#1191=EDGE_CURVE('',#934,#922,#547,.F.);
#1192=EDGE_CURVE('',#934,#932,#548,.T.);
#1193=EDGE_CURVE('',#933,#935,#549,.T.);
#1194=EDGE_CURVE('',#935,#923,#550,.F.);
#1195=EDGE_CURVE('',#936,#924,#551,.T.);
#1196=EDGE_CURVE('',#936,#934,#552,.T.);
#1197=EDGE_CURVE('',#935,#937,#553,.T.);
#1198=EDGE_CURVE('',#937,#925,#554,.F.);
#1199=EDGE_CURVE('',#938,#926,#555,.T.);
#1200=EDGE_CURVE('',#938,#936,#556,.T.);
#1201=EDGE_CURVE('',#937,#939,#557,.T.);
#1202=EDGE_CURVE('',#939,#927,#558,.F.);
#1203=EDGE_CURVE('',#939,#938,#559,.T.);
#1204=EDGE_CURVE('',#940,#941,#107,.T.);
#1205=EDGE_CURVE('',#942,#940,#560,.T.);
#1206=EDGE_CURVE('',#943,#942,#108,.T.);
#1207=EDGE_CURVE('',#943,#944,#561,.T.);
#1208=EDGE_CURVE('',#945,#944,#109,.T.);
#1209=EDGE_CURVE('',#946,#945,#562,.T.);
#1210=EDGE_CURVE('',#947,#946,#110,.T.);
#1211=EDGE_CURVE('',#941,#947,#563,.T.);
#1212=EDGE_CURVE('',#948,#940,#564,.T.);
#1213=EDGE_CURVE('',#949,#941,#565,.T.);
#1214=EDGE_CURVE('',#948,#949,#111,.T.);
#1215=EDGE_CURVE('',#950,#947,#566,.T.);
#1216=EDGE_CURVE('',#949,#950,#567,.T.);
#1217=EDGE_CURVE('',#951,#946,#568,.T.);
#1218=EDGE_CURVE('',#950,#951,#112,.T.);
#1219=EDGE_CURVE('',#951,#952,#569,.T.);
#1220=EDGE_CURVE('',#952,#945,#570,.T.);
#1221=EDGE_CURVE('',#953,#944,#571,.T.);
#1222=EDGE_CURVE('',#952,#953,#113,.T.);
#1223=EDGE_CURVE('',#953,#954,#572,.T.);
#1224=EDGE_CURVE('',#954,#943,#573,.T.);
#1225=EDGE_CURVE('',#955,#942,#574,.T.);
#1226=EDGE_CURVE('',#954,#955,#114,.T.);
#1227=EDGE_CURVE('',#955,#948,#575,.T.);
#1228=ORIENTED_EDGE('',*,*,#956,.F.);
#1229=ORIENTED_EDGE('',*,*,#957,.F.);
#1230=ORIENTED_EDGE('',*,*,#958,.T.);
#1231=ORIENTED_EDGE('',*,*,#959,.F.);
#1232=ORIENTED_EDGE('',*,*,#960,.F.);
#1233=ORIENTED_EDGE('',*,*,#961,.F.);
#1234=ORIENTED_EDGE('',*,*,#962,.T.);
#1235=ORIENTED_EDGE('',*,*,#963,.F.);
#1236=ORIENTED_EDGE('',*,*,#964,.F.);
#1237=ORIENTED_EDGE('',*,*,#965,.F.);
#1238=ORIENTED_EDGE('',*,*,#966,.T.);
#1239=ORIENTED_EDGE('',*,*,#967,.F.);
#1240=ORIENTED_EDGE('',*,*,#968,.F.);
#1241=ORIENTED_EDGE('',*,*,#969,.F.);
#1242=ORIENTED_EDGE('',*,*,#970,.T.);
#1243=ORIENTED_EDGE('',*,*,#971,.F.);
#1244=ORIENTED_EDGE('',*,*,#972,.F.);
#1245=ORIENTED_EDGE('',*,*,#973,.F.);
#1246=ORIENTED_EDGE('',*,*,#974,.F.);
#1247=ORIENTED_EDGE('',*,*,#975,.F.);
#1248=ORIENTED_EDGE('',*,*,#976,.F.);
#1249=ORIENTED_EDGE('',*,*,#977,.F.);
#1250=ORIENTED_EDGE('',*,*,#978,.F.);
#1251=ORIENTED_EDGE('',*,*,#979,.F.);
#1252=ORIENTED_EDGE('',*,*,#980,.F.);
#1253=ORIENTED_EDGE('',*,*,#978,.T.);
#1254=ORIENTED_EDGE('',*,*,#981,.T.);
#1255=ORIENTED_EDGE('',*,*,#982,.F.);
#1256=ORIENTED_EDGE('',*,*,#983,.F.);
#1257=ORIENTED_EDGE('',*,*,#979,.T.);
#1258=ORIENTED_EDGE('',*,*,#980,.T.);
#1259=ORIENTED_EDGE('',*,*,#984,.F.);
#1260=ORIENTED_EDGE('',*,*,#981,.F.);
#1261=ORIENTED_EDGE('',*,*,#977,.T.);
#1262=ORIENTED_EDGE('',*,*,#985,.T.);
#1263=ORIENTED_EDGE('',*,*,#986,.F.);
#1264=ORIENTED_EDGE('',*,*,#987,.F.);
#1265=ORIENTED_EDGE('',*,*,#972,.T.);
#1266=ORIENTED_EDGE('',*,*,#983,.T.);
#1267=ORIENTED_EDGE('',*,*,#988,.F.);
#1268=ORIENTED_EDGE('',*,*,#985,.F.);
#1269=ORIENTED_EDGE('',*,*,#976,.T.);
#1270=ORIENTED_EDGE('',*,*,#989,.T.);
#1271=ORIENTED_EDGE('',*,*,#990,.F.);
#1272=ORIENTED_EDGE('',*,*,#991,.F.);
#1273=ORIENTED_EDGE('',*,*,#973,.T.);
#1274=ORIENTED_EDGE('',*,*,#987,.T.);
#1275=ORIENTED_EDGE('',*,*,#992,.F.);
#1276=ORIENTED_EDGE('',*,*,#989,.F.);
#1277=ORIENTED_EDGE('',*,*,#975,.T.);
#1278=ORIENTED_EDGE('',*,*,#993,.T.);
#1279=ORIENTED_EDGE('',*,*,#994,.F.);
#1280=ORIENTED_EDGE('',*,*,#993,.F.);
#1281=ORIENTED_EDGE('',*,*,#974,.T.);
#1282=ORIENTED_EDGE('',*,*,#991,.T.);
#1283=ORIENTED_EDGE('',*,*,#995,.F.);
#1284=ORIENTED_EDGE('',*,*,#996,.F.);
#1285=ORIENTED_EDGE('',*,*,#982,.T.);
#1286=ORIENTED_EDGE('',*,*,#997,.T.);
#1287=ORIENTED_EDGE('',*,*,#998,.F.);
#1288=ORIENTED_EDGE('',*,*,#999,.F.);
#1289=ORIENTED_EDGE('',*,*,#984,.T.);
#1290=ORIENTED_EDGE('',*,*,#996,.T.);
#1291=ORIENTED_EDGE('',*,*,#1000,.F.);
#1292=ORIENTED_EDGE('',*,*,#997,.F.);
#1293=ORIENTED_EDGE('',*,*,#986,.T.);
#1294=ORIENTED_EDGE('',*,*,#1001,.T.);
#1295=ORIENTED_EDGE('',*,*,#1002,.F.);
#1296=ORIENTED_EDGE('',*,*,#1003,.F.);
#1297=ORIENTED_EDGE('',*,*,#988,.T.);
#1298=ORIENTED_EDGE('',*,*,#999,.T.);
#1299=ORIENTED_EDGE('',*,*,#1004,.F.);
#1300=ORIENTED_EDGE('',*,*,#1001,.F.);
#1301=ORIENTED_EDGE('',*,*,#990,.T.);
#1302=ORIENTED_EDGE('',*,*,#1005,.T.);
#1303=ORIENTED_EDGE('',*,*,#1006,.F.);
#1304=ORIENTED_EDGE('',*,*,#1007,.F.);
#1305=ORIENTED_EDGE('',*,*,#992,.T.);
#1306=ORIENTED_EDGE('',*,*,#1003,.T.);
#1307=ORIENTED_EDGE('',*,*,#1008,.F.);
#1308=ORIENTED_EDGE('',*,*,#1009,.T.);
#1309=ORIENTED_EDGE('',*,*,#1010,.T.);
#1310=ORIENTED_EDGE('',*,*,#1005,.F.);
#1311=ORIENTED_EDGE('',*,*,#994,.T.);
#1312=ORIENTED_EDGE('',*,*,#1009,.F.);
#1313=ORIENTED_EDGE('',*,*,#995,.T.);
#1314=ORIENTED_EDGE('',*,*,#1007,.T.);
#1315=ORIENTED_EDGE('',*,*,#1011,.F.);
#1316=ORIENTED_EDGE('',*,*,#1011,.T.);
#1317=ORIENTED_EDGE('',*,*,#1008,.T.);
#1318=ORIENTED_EDGE('',*,*,#1004,.T.);
#1319=ORIENTED_EDGE('',*,*,#1000,.T.);
#1320=ORIENTED_EDGE('',*,*,#998,.T.);
#1321=ORIENTED_EDGE('',*,*,#1002,.T.);
#1322=ORIENTED_EDGE('',*,*,#1006,.T.);
#1323=ORIENTED_EDGE('',*,*,#1010,.F.);
#1324=ORIENTED_EDGE('',*,*,#1012,.T.);
#1325=ORIENTED_EDGE('',*,*,#1013,.T.);
#1326=ORIENTED_EDGE('',*,*,#1014,.T.);
#1327=ORIENTED_EDGE('',*,*,#958,.F.);
#1328=ORIENTED_EDGE('',*,*,#1015,.F.);
#1329=ORIENTED_EDGE('',*,*,#1016,.T.);
#1330=ORIENTED_EDGE('',*,*,#1017,.T.);
#1331=ORIENTED_EDGE('',*,*,#1018,.T.);
#1332=ORIENTED_EDGE('',*,*,#970,.F.);
#1333=ORIENTED_EDGE('',*,*,#1019,.F.);
#1334=ORIENTED_EDGE('',*,*,#1020,.T.);
#1335=ORIENTED_EDGE('',*,*,#1021,.T.);
#1336=ORIENTED_EDGE('',*,*,#1022,.T.);
#1337=ORIENTED_EDGE('',*,*,#966,.F.);
#1338=ORIENTED_EDGE('',*,*,#1023,.F.);
#1339=ORIENTED_EDGE('',*,*,#1024,.T.);
#1340=ORIENTED_EDGE('',*,*,#1025,.T.);
#1341=ORIENTED_EDGE('',*,*,#1026,.T.);
#1342=ORIENTED_EDGE('',*,*,#962,.F.);
#1343=ORIENTED_EDGE('',*,*,#1027,.F.);
#1344=ORIENTED_EDGE('',*,*,#961,.T.);
#1345=ORIENTED_EDGE('',*,*,#1028,.T.);
#1346=ORIENTED_EDGE('',*,*,#1027,.T.);
#1347=ORIENTED_EDGE('',*,*,#963,.T.);
#1348=ORIENTED_EDGE('',*,*,#1026,.F.);
#1349=ORIENTED_EDGE('',*,*,#1029,.F.);
#1350=ORIENTED_EDGE('',*,*,#965,.T.);
#1351=ORIENTED_EDGE('',*,*,#1030,.T.);
#1352=ORIENTED_EDGE('',*,*,#1023,.T.);
#1353=ORIENTED_EDGE('',*,*,#967,.T.);
#1354=ORIENTED_EDGE('',*,*,#1022,.F.);
#1355=ORIENTED_EDGE('',*,*,#1031,.F.);
#1356=ORIENTED_EDGE('',*,*,#969,.T.);
#1357=ORIENTED_EDGE('',*,*,#1032,.T.);
#1358=ORIENTED_EDGE('',*,*,#1019,.T.);
#1359=ORIENTED_EDGE('',*,*,#971,.T.);
#1360=ORIENTED_EDGE('',*,*,#1018,.F.);
#1361=ORIENTED_EDGE('',*,*,#1033,.F.);
#1362=ORIENTED_EDGE('',*,*,#957,.T.);
#1363=ORIENTED_EDGE('',*,*,#1034,.T.);
#1364=ORIENTED_EDGE('',*,*,#1015,.T.);
#1365=ORIENTED_EDGE('',*,*,#959,.T.);
#1366=ORIENTED_EDGE('',*,*,#1014,.F.);
#1367=ORIENTED_EDGE('',*,*,#1035,.F.);
#1368=ORIENTED_EDGE('',*,*,#1025,.F.);
#1369=ORIENTED_EDGE('',*,*,#1036,.T.);
#1370=ORIENTED_EDGE('',*,*,#1037,.F.);
#1371=ORIENTED_EDGE('',*,*,#1038,.T.);
#1372=ORIENTED_EDGE('',*,*,#1012,.F.);
#1373=ORIENTED_EDGE('',*,*,#1028,.F.);
#1374=ORIENTED_EDGE('',*,*,#960,.T.);
#1375=ORIENTED_EDGE('',*,*,#1029,.T.);
#1376=ORIENTED_EDGE('',*,*,#1039,.T.);
#1377=ORIENTED_EDGE('',*,*,#1040,.F.);
#1378=ORIENTED_EDGE('',*,*,#1041,.F.);
#1379=ORIENTED_EDGE('',*,*,#1042,.T.);
#1380=ORIENTED_EDGE('',*,*,#1043,.T.);
#1381=ORIENTED_EDGE('',*,*,#1037,.T.);
#1382=ORIENTED_EDGE('',*,*,#1044,.T.);
#1383=ORIENTED_EDGE('',*,*,#1045,.T.);
#1384=ORIENTED_EDGE('',*,*,#1039,.F.);
#1385=ORIENTED_EDGE('',*,*,#1046,.T.);
#1386=ORIENTED_EDGE('',*,*,#1047,.T.);
#1387=ORIENTED_EDGE('',*,*,#1048,.F.);
#1388=ORIENTED_EDGE('',*,*,#1048,.T.);
#1389=ORIENTED_EDGE('',*,*,#1049,.T.);
#1390=ORIENTED_EDGE('',*,*,#1040,.T.);
#1391=ORIENTED_EDGE('',*,*,#1047,.F.);
#1392=ORIENTED_EDGE('',*,*,#1050,.T.);
#1393=ORIENTED_EDGE('',*,*,#1041,.T.);
#1394=ORIENTED_EDGE('',*,*,#1049,.F.);
#1395=ORIENTED_EDGE('',*,*,#1046,.F.);
#1396=ORIENTED_EDGE('',*,*,#1042,.F.);
#1397=ORIENTED_EDGE('',*,*,#1050,.F.);
#1398=ORIENTED_EDGE('',*,*,#1036,.F.);
#1399=ORIENTED_EDGE('',*,*,#1024,.F.);
#1400=ORIENTED_EDGE('',*,*,#1030,.F.);
#1401=ORIENTED_EDGE('',*,*,#964,.T.);
#1402=ORIENTED_EDGE('',*,*,#1031,.T.);
#1403=ORIENTED_EDGE('',*,*,#1021,.F.);
#1404=ORIENTED_EDGE('',*,*,#1051,.T.);
#1405=ORIENTED_EDGE('',*,*,#1044,.F.);
#1406=ORIENTED_EDGE('',*,*,#1052,.T.);
#1407=ORIENTED_EDGE('',*,*,#1053,.F.);
#1408=ORIENTED_EDGE('',*,*,#1054,.F.);
#1409=ORIENTED_EDGE('',*,*,#1055,.T.);
#1410=ORIENTED_EDGE('',*,*,#1052,.F.);
#1411=ORIENTED_EDGE('',*,*,#1056,.T.);
#1412=ORIENTED_EDGE('',*,*,#1057,.T.);
#1413=ORIENTED_EDGE('',*,*,#1058,.F.);
#1414=ORIENTED_EDGE('',*,*,#1058,.T.);
#1415=ORIENTED_EDGE('',*,*,#1059,.T.);
#1416=ORIENTED_EDGE('',*,*,#1053,.T.);
#1417=ORIENTED_EDGE('',*,*,#1057,.F.);
#1418=ORIENTED_EDGE('',*,*,#1060,.T.);
#1419=ORIENTED_EDGE('',*,*,#1054,.T.);
#1420=ORIENTED_EDGE('',*,*,#1059,.F.);
#1421=ORIENTED_EDGE('',*,*,#1056,.F.);
#1422=ORIENTED_EDGE('',*,*,#1055,.F.);
#1423=ORIENTED_EDGE('',*,*,#1060,.F.);
#1424=ORIENTED_EDGE('',*,*,#1061,.F.);
#1425=ORIENTED_EDGE('',*,*,#1045,.F.);
#1426=ORIENTED_EDGE('',*,*,#1051,.F.);
#1427=ORIENTED_EDGE('',*,*,#1020,.F.);
#1428=ORIENTED_EDGE('',*,*,#1032,.F.);
#1429=ORIENTED_EDGE('',*,*,#968,.T.);
#1430=ORIENTED_EDGE('',*,*,#1033,.T.);
#1431=ORIENTED_EDGE('',*,*,#1017,.F.);
#1432=ORIENTED_EDGE('',*,*,#1062,.T.);
#1433=ORIENTED_EDGE('',*,*,#1063,.F.);
#1434=ORIENTED_EDGE('',*,*,#1064,.F.);
#1435=ORIENTED_EDGE('',*,*,#1065,.T.);
#1436=ORIENTED_EDGE('',*,*,#1062,.F.);
#1437=ORIENTED_EDGE('',*,*,#1066,.T.);
#1438=ORIENTED_EDGE('',*,*,#1067,.T.);
#1439=ORIENTED_EDGE('',*,*,#1068,.F.);
#1440=ORIENTED_EDGE('',*,*,#1068,.T.);
#1441=ORIENTED_EDGE('',*,*,#1069,.T.);
#1442=ORIENTED_EDGE('',*,*,#1063,.T.);
#1443=ORIENTED_EDGE('',*,*,#1067,.F.);
#1444=ORIENTED_EDGE('',*,*,#1070,.T.);
#1445=ORIENTED_EDGE('',*,*,#1064,.T.);
#1446=ORIENTED_EDGE('',*,*,#1069,.F.);
#1447=ORIENTED_EDGE('',*,*,#1066,.F.);
#1448=ORIENTED_EDGE('',*,*,#1065,.F.);
#1449=ORIENTED_EDGE('',*,*,#1070,.F.);
#1450=ORIENTED_EDGE('',*,*,#1043,.F.);
#1451=ORIENTED_EDGE('',*,*,#1061,.T.);
#1452=ORIENTED_EDGE('',*,*,#1016,.F.);
#1453=ORIENTED_EDGE('',*,*,#1034,.F.);
#1454=ORIENTED_EDGE('',*,*,#956,.T.);
#1455=ORIENTED_EDGE('',*,*,#1035,.T.);
#1456=ORIENTED_EDGE('',*,*,#1013,.F.);
#1457=ORIENTED_EDGE('',*,*,#1038,.F.);
#1458=ORIENTED_EDGE('',*,*,#1071,.T.);
#1459=ORIENTED_EDGE('',*,*,#1072,.F.);
#1460=ORIENTED_EDGE('',*,*,#1073,.F.);
#1461=ORIENTED_EDGE('',*,*,#1074,.T.);
#1462=ORIENTED_EDGE('',*,*,#1071,.F.);
#1463=ORIENTED_EDGE('',*,*,#1075,.T.);
#1464=ORIENTED_EDGE('',*,*,#1076,.T.);
#1465=ORIENTED_EDGE('',*,*,#1077,.F.);
#1466=ORIENTED_EDGE('',*,*,#1077,.T.);
#1467=ORIENTED_EDGE('',*,*,#1078,.T.);
#1468=ORIENTED_EDGE('',*,*,#1072,.T.);
#1469=ORIENTED_EDGE('',*,*,#1076,.F.);
#1470=ORIENTED_EDGE('',*,*,#1079,.T.);
#1471=ORIENTED_EDGE('',*,*,#1073,.T.);
#1472=ORIENTED_EDGE('',*,*,#1078,.F.);
#1473=ORIENTED_EDGE('',*,*,#1075,.F.);
#1474=ORIENTED_EDGE('',*,*,#1074,.F.);
#1475=ORIENTED_EDGE('',*,*,#1079,.F.);
#1476=ORIENTED_EDGE('',*,*,#1080,.T.);
#1477=ORIENTED_EDGE('',*,*,#1081,.T.);
#1478=ORIENTED_EDGE('',*,*,#1082,.T.);
#1479=ORIENTED_EDGE('',*,*,#1083,.T.);
#1480=ORIENTED_EDGE('',*,*,#1083,.F.);
#1481=ORIENTED_EDGE('',*,*,#1084,.F.);
#1482=ORIENTED_EDGE('',*,*,#1085,.F.);
#1483=ORIENTED_EDGE('',*,*,#1086,.F.);
#1484=ORIENTED_EDGE('',*,*,#1087,.T.);
#1485=ORIENTED_EDGE('',*,*,#1088,.T.);
#1486=ORIENTED_EDGE('',*,*,#1089,.T.);
#1487=ORIENTED_EDGE('',*,*,#1090,.T.);
#1488=ORIENTED_EDGE('',*,*,#1081,.F.);
#1489=ORIENTED_EDGE('',*,*,#1091,.F.);
#1490=ORIENTED_EDGE('',*,*,#1090,.F.);
#1491=ORIENTED_EDGE('',*,*,#1092,.F.);
#1492=ORIENTED_EDGE('',*,*,#1093,.T.);
#1493=ORIENTED_EDGE('',*,*,#1094,.T.);
#1494=ORIENTED_EDGE('',*,*,#1095,.T.);
#1495=ORIENTED_EDGE('',*,*,#1096,.T.);
#1496=ORIENTED_EDGE('',*,*,#1088,.F.);
#1497=ORIENTED_EDGE('',*,*,#1097,.F.);
#1498=ORIENTED_EDGE('',*,*,#1096,.F.);
#1499=ORIENTED_EDGE('',*,*,#1098,.F.);
#1500=ORIENTED_EDGE('',*,*,#1099,.T.);
#1501=ORIENTED_EDGE('',*,*,#1085,.T.);
#1502=ORIENTED_EDGE('',*,*,#1100,.T.);
#1503=ORIENTED_EDGE('',*,*,#1101,.T.);
#1504=ORIENTED_EDGE('',*,*,#1094,.F.);
#1505=ORIENTED_EDGE('',*,*,#1102,.F.);
#1506=ORIENTED_EDGE('',*,*,#1101,.F.);
#1507=ORIENTED_EDGE('',*,*,#1103,.F.);
#1508=ORIENTED_EDGE('',*,*,#1104,.T.);
#1509=ORIENTED_EDGE('',*,*,#1105,.T.);
#1510=ORIENTED_EDGE('',*,*,#1106,.T.);
#1511=ORIENTED_EDGE('',*,*,#1107,.T.);
#1512=ORIENTED_EDGE('',*,*,#1108,.T.);
#1513=ORIENTED_EDGE('',*,*,#1109,.T.);
#1514=ORIENTED_EDGE('',*,*,#1110,.T.);
#1515=ORIENTED_EDGE('',*,*,#1111,.T.);
#1516=ORIENTED_EDGE('',*,*,#1112,.T.);
#1517=ORIENTED_EDGE('',*,*,#1113,.T.);
#1518=ORIENTED_EDGE('',*,*,#1108,.F.);
#1519=ORIENTED_EDGE('',*,*,#1114,.T.);
#1520=ORIENTED_EDGE('',*,*,#1110,.F.);
#1521=ORIENTED_EDGE('',*,*,#1115,.T.);
#1522=ORIENTED_EDGE('',*,*,#1104,.F.);
#1523=ORIENTED_EDGE('',*,*,#1116,.T.);
#1524=ORIENTED_EDGE('',*,*,#1117,.T.);
#1525=ORIENTED_EDGE('',*,*,#1118,.T.);
#1526=ORIENTED_EDGE('',*,*,#1112,.F.);
#1527=ORIENTED_EDGE('',*,*,#1119,.T.);
#1528=ORIENTED_EDGE('',*,*,#1120,.T.);
#1529=ORIENTED_EDGE('',*,*,#1121,.T.);
#1530=ORIENTED_EDGE('',*,*,#1117,.F.);
#1531=ORIENTED_EDGE('',*,*,#1122,.T.);
#1532=ORIENTED_EDGE('',*,*,#1123,.T.);
#1533=ORIENTED_EDGE('',*,*,#1124,.T.);
#1534=ORIENTED_EDGE('',*,*,#1120,.F.);
#1535=ORIENTED_EDGE('',*,*,#1125,.T.);
#1536=ORIENTED_EDGE('',*,*,#1106,.F.);
#1537=ORIENTED_EDGE('',*,*,#1126,.T.);
#1538=ORIENTED_EDGE('',*,*,#1123,.F.);
#1539=ORIENTED_EDGE('',*,*,#1127,.T.);
#1540=ORIENTED_EDGE('',*,*,#1126,.F.);
#1541=ORIENTED_EDGE('',*,*,#1128,.T.);
#1542=ORIENTED_EDGE('',*,*,#1129,.T.);
#1543=ORIENTED_EDGE('',*,*,#1130,.T.);
#1544=ORIENTED_EDGE('',*,*,#1105,.F.);
#1545=ORIENTED_EDGE('',*,*,#1131,.F.);
#1546=ORIENTED_EDGE('',*,*,#1132,.F.);
#1547=ORIENTED_EDGE('',*,*,#1128,.F.);
#1548=ORIENTED_EDGE('',*,*,#1115,.F.);
#1549=ORIENTED_EDGE('',*,*,#1133,.T.);
#1550=ORIENTED_EDGE('',*,*,#1134,.T.);
#1551=ORIENTED_EDGE('',*,*,#1131,.T.);
#1552=ORIENTED_EDGE('',*,*,#1109,.F.);
#1553=ORIENTED_EDGE('',*,*,#1135,.F.);
#1554=ORIENTED_EDGE('',*,*,#1136,.F.);
#1555=ORIENTED_EDGE('',*,*,#1133,.F.);
#1556=ORIENTED_EDGE('',*,*,#1111,.F.);
#1557=ORIENTED_EDGE('',*,*,#1116,.F.);
#1558=ORIENTED_EDGE('',*,*,#1107,.F.);
#1559=ORIENTED_EDGE('',*,*,#1127,.F.);
#1560=ORIENTED_EDGE('',*,*,#1125,.F.);
#1561=ORIENTED_EDGE('',*,*,#1122,.F.);
#1562=ORIENTED_EDGE('',*,*,#1119,.F.);
#1563=ORIENTED_EDGE('',*,*,#1114,.F.);
#1564=ORIENTED_EDGE('',*,*,#1113,.F.);
#1565=ORIENTED_EDGE('',*,*,#1137,.T.);
#1566=ORIENTED_EDGE('',*,*,#1138,.T.);
#1567=ORIENTED_EDGE('',*,*,#1135,.T.);
#1568=ORIENTED_EDGE('',*,*,#1118,.F.);
#1569=ORIENTED_EDGE('',*,*,#1139,.F.);
#1570=ORIENTED_EDGE('',*,*,#1140,.F.);
#1571=ORIENTED_EDGE('',*,*,#1137,.F.);
#1572=ORIENTED_EDGE('',*,*,#1121,.F.);
#1573=ORIENTED_EDGE('',*,*,#1141,.T.);
#1574=ORIENTED_EDGE('',*,*,#1142,.T.);
#1575=ORIENTED_EDGE('',*,*,#1139,.T.);
#1576=ORIENTED_EDGE('',*,*,#1124,.F.);
#1577=ORIENTED_EDGE('',*,*,#1130,.F.);
#1578=ORIENTED_EDGE('',*,*,#1143,.F.);
#1579=ORIENTED_EDGE('',*,*,#1141,.F.);
#1580=ORIENTED_EDGE('',*,*,#1080,.F.);
#1581=ORIENTED_EDGE('',*,*,#1086,.T.);
#1582=ORIENTED_EDGE('',*,*,#1099,.F.);
#1583=ORIENTED_EDGE('',*,*,#1102,.T.);
#1584=ORIENTED_EDGE('',*,*,#1093,.F.);
#1585=ORIENTED_EDGE('',*,*,#1097,.T.);
#1586=ORIENTED_EDGE('',*,*,#1087,.F.);
#1587=ORIENTED_EDGE('',*,*,#1091,.T.);
#1588=ORIENTED_EDGE('',*,*,#1144,.T.);
#1589=ORIENTED_EDGE('',*,*,#1145,.T.);
#1590=ORIENTED_EDGE('',*,*,#1146,.T.);
#1591=ORIENTED_EDGE('',*,*,#1147,.T.);
#1592=ORIENTED_EDGE('',*,*,#1148,.T.);
#1593=ORIENTED_EDGE('',*,*,#1149,.T.);
#1594=ORIENTED_EDGE('',*,*,#1150,.T.);
#1595=ORIENTED_EDGE('',*,*,#1151,.T.);
#1596=ORIENTED_EDGE('',*,*,#1152,.T.);
#1597=ORIENTED_EDGE('',*,*,#1153,.T.);
#1598=ORIENTED_EDGE('',*,*,#1154,.T.);
#1599=ORIENTED_EDGE('',*,*,#1155,.T.);
#1600=ORIENTED_EDGE('',*,*,#1156,.T.);
#1601=ORIENTED_EDGE('',*,*,#1157,.T.);
#1602=ORIENTED_EDGE('',*,*,#1158,.F.);
#1603=ORIENTED_EDGE('',*,*,#1144,.F.);
#1604=ORIENTED_EDGE('',*,*,#1159,.T.);
#1605=ORIENTED_EDGE('',*,*,#1160,.T.);
#1606=ORIENTED_EDGE('',*,*,#1156,.F.);
#1607=ORIENTED_EDGE('',*,*,#1155,.F.);
#1608=ORIENTED_EDGE('',*,*,#1158,.T.);
#1609=ORIENTED_EDGE('',*,*,#1161,.T.);
#1610=ORIENTED_EDGE('',*,*,#1162,.F.);
#1611=ORIENTED_EDGE('',*,*,#1145,.F.);
#1612=ORIENTED_EDGE('',*,*,#1163,.T.);
#1613=ORIENTED_EDGE('',*,*,#1164,.T.);
#1614=ORIENTED_EDGE('',*,*,#1159,.F.);
#1615=ORIENTED_EDGE('',*,*,#1154,.F.);
#1616=ORIENTED_EDGE('',*,*,#1162,.T.);
#1617=ORIENTED_EDGE('',*,*,#1165,.T.);
#1618=ORIENTED_EDGE('',*,*,#1166,.F.);
#1619=ORIENTED_EDGE('',*,*,#1146,.F.);
#1620=ORIENTED_EDGE('',*,*,#1167,.T.);
#1621=ORIENTED_EDGE('',*,*,#1168,.T.);
#1622=ORIENTED_EDGE('',*,*,#1163,.F.);
#1623=ORIENTED_EDGE('',*,*,#1153,.F.);
#1624=ORIENTED_EDGE('',*,*,#1166,.T.);
#1625=ORIENTED_EDGE('',*,*,#1169,.T.);
#1626=ORIENTED_EDGE('',*,*,#1170,.F.);
#1627=ORIENTED_EDGE('',*,*,#1147,.F.);
#1628=ORIENTED_EDGE('',*,*,#1171,.T.);
#1629=ORIENTED_EDGE('',*,*,#1172,.T.);
#1630=ORIENTED_EDGE('',*,*,#1167,.F.);
#1631=ORIENTED_EDGE('',*,*,#1152,.F.);
#1632=ORIENTED_EDGE('',*,*,#1170,.T.);
#1633=ORIENTED_EDGE('',*,*,#1173,.T.);
#1634=ORIENTED_EDGE('',*,*,#1174,.F.);
#1635=ORIENTED_EDGE('',*,*,#1148,.F.);
#1636=ORIENTED_EDGE('',*,*,#1175,.T.);
#1637=ORIENTED_EDGE('',*,*,#1176,.T.);
#1638=ORIENTED_EDGE('',*,*,#1171,.F.);
#1639=ORIENTED_EDGE('',*,*,#1151,.F.);
#1640=ORIENTED_EDGE('',*,*,#1174,.T.);
#1641=ORIENTED_EDGE('',*,*,#1177,.T.);
#1642=ORIENTED_EDGE('',*,*,#1178,.F.);
#1643=ORIENTED_EDGE('',*,*,#1149,.F.);
#1644=ORIENTED_EDGE('',*,*,#1178,.T.);
#1645=ORIENTED_EDGE('',*,*,#1179,.T.);
#1646=ORIENTED_EDGE('',*,*,#1175,.F.);
#1647=ORIENTED_EDGE('',*,*,#1150,.F.);
#1648=ORIENTED_EDGE('',*,*,#1180,.F.);
#1649=ORIENTED_EDGE('',*,*,#1181,.T.);
#1650=ORIENTED_EDGE('',*,*,#1182,.T.);
#1651=ORIENTED_EDGE('',*,*,#1157,.F.);
#1652=ORIENTED_EDGE('',*,*,#1183,.F.);
#1653=ORIENTED_EDGE('',*,*,#1184,.T.);
#1654=ORIENTED_EDGE('',*,*,#1180,.T.);
#1655=ORIENTED_EDGE('',*,*,#1160,.F.);
#1656=ORIENTED_EDGE('',*,*,#1182,.F.);
#1657=ORIENTED_EDGE('',*,*,#1185,.T.);
#1658=ORIENTED_EDGE('',*,*,#1186,.T.);
#1659=ORIENTED_EDGE('',*,*,#1161,.F.);
#1660=ORIENTED_EDGE('',*,*,#1187,.F.);
#1661=ORIENTED_EDGE('',*,*,#1188,.T.);
#1662=ORIENTED_EDGE('',*,*,#1183,.T.);
#1663=ORIENTED_EDGE('',*,*,#1164,.F.);
#1664=ORIENTED_EDGE('',*,*,#1186,.F.);
#1665=ORIENTED_EDGE('',*,*,#1189,.T.);
#1666=ORIENTED_EDGE('',*,*,#1190,.T.);
#1667=ORIENTED_EDGE('',*,*,#1165,.F.);
#1668=ORIENTED_EDGE('',*,*,#1191,.F.);
#1669=ORIENTED_EDGE('',*,*,#1192,.T.);
#1670=ORIENTED_EDGE('',*,*,#1187,.T.);
#1671=ORIENTED_EDGE('',*,*,#1168,.F.);
#1672=ORIENTED_EDGE('',*,*,#1190,.F.);
#1673=ORIENTED_EDGE('',*,*,#1193,.T.);
#1674=ORIENTED_EDGE('',*,*,#1194,.T.);
#1675=ORIENTED_EDGE('',*,*,#1169,.F.);
#1676=ORIENTED_EDGE('',*,*,#1195,.F.);
#1677=ORIENTED_EDGE('',*,*,#1196,.T.);
#1678=ORIENTED_EDGE('',*,*,#1191,.T.);
#1679=ORIENTED_EDGE('',*,*,#1172,.F.);
#1680=ORIENTED_EDGE('',*,*,#1194,.F.);
#1681=ORIENTED_EDGE('',*,*,#1197,.T.);
#1682=ORIENTED_EDGE('',*,*,#1198,.T.);
#1683=ORIENTED_EDGE('',*,*,#1173,.F.);
#1684=ORIENTED_EDGE('',*,*,#1199,.F.);
#1685=ORIENTED_EDGE('',*,*,#1200,.T.);
#1686=ORIENTED_EDGE('',*,*,#1195,.T.);
#1687=ORIENTED_EDGE('',*,*,#1176,.F.);
#1688=ORIENTED_EDGE('',*,*,#1198,.F.);
#1689=ORIENTED_EDGE('',*,*,#1201,.T.);
#1690=ORIENTED_EDGE('',*,*,#1202,.T.);
#1691=ORIENTED_EDGE('',*,*,#1177,.F.);
#1692=ORIENTED_EDGE('',*,*,#1202,.F.);
#1693=ORIENTED_EDGE('',*,*,#1203,.T.);
#1694=ORIENTED_EDGE('',*,*,#1199,.T.);
#1695=ORIENTED_EDGE('',*,*,#1179,.F.);
#1696=ORIENTED_EDGE('',*,*,#1204,.F.);
#1697=ORIENTED_EDGE('',*,*,#1205,.F.);
#1698=ORIENTED_EDGE('',*,*,#1206,.F.);
#1699=ORIENTED_EDGE('',*,*,#1207,.T.);
#1700=ORIENTED_EDGE('',*,*,#1208,.F.);
#1701=ORIENTED_EDGE('',*,*,#1209,.F.);
#1702=ORIENTED_EDGE('',*,*,#1210,.F.);
#1703=ORIENTED_EDGE('',*,*,#1211,.F.);
#1704=ORIENTED_EDGE('',*,*,#1092,.T.);
#1705=ORIENTED_EDGE('',*,*,#1089,.F.);
#1706=ORIENTED_EDGE('',*,*,#1098,.T.);
#1707=ORIENTED_EDGE('',*,*,#1095,.F.);
#1708=ORIENTED_EDGE('',*,*,#1103,.T.);
#1709=ORIENTED_EDGE('',*,*,#1100,.F.);
#1710=ORIENTED_EDGE('',*,*,#1084,.T.);
#1711=ORIENTED_EDGE('',*,*,#1082,.F.);
#1712=ORIENTED_EDGE('',*,*,#1200,.F.);
#1713=ORIENTED_EDGE('',*,*,#1203,.F.);
#1714=ORIENTED_EDGE('',*,*,#1201,.F.);
#1715=ORIENTED_EDGE('',*,*,#1197,.F.);
#1716=ORIENTED_EDGE('',*,*,#1193,.F.);
#1717=ORIENTED_EDGE('',*,*,#1189,.F.);
#1718=ORIENTED_EDGE('',*,*,#1185,.F.);
#1719=ORIENTED_EDGE('',*,*,#1181,.F.);
#1720=ORIENTED_EDGE('',*,*,#1184,.F.);
#1721=ORIENTED_EDGE('',*,*,#1188,.F.);
#1722=ORIENTED_EDGE('',*,*,#1192,.F.);
#1723=ORIENTED_EDGE('',*,*,#1196,.F.);
#1724=ORIENTED_EDGE('',*,*,#1212,.T.);
#1725=ORIENTED_EDGE('',*,*,#1204,.T.);
#1726=ORIENTED_EDGE('',*,*,#1213,.F.);
#1727=ORIENTED_EDGE('',*,*,#1214,.F.);
#1728=ORIENTED_EDGE('',*,*,#1215,.F.);
#1729=ORIENTED_EDGE('',*,*,#1216,.F.);
#1730=ORIENTED_EDGE('',*,*,#1213,.T.);
#1731=ORIENTED_EDGE('',*,*,#1211,.T.);
#1732=ORIENTED_EDGE('',*,*,#1215,.T.);
#1733=ORIENTED_EDGE('',*,*,#1210,.T.);
#1734=ORIENTED_EDGE('',*,*,#1217,.F.);
#1735=ORIENTED_EDGE('',*,*,#1218,.F.);
#1736=ORIENTED_EDGE('',*,*,#1219,.F.);
#1737=ORIENTED_EDGE('',*,*,#1217,.T.);
#1738=ORIENTED_EDGE('',*,*,#1209,.T.);
#1739=ORIENTED_EDGE('',*,*,#1220,.F.);
#1740=ORIENTED_EDGE('',*,*,#1220,.T.);
#1741=ORIENTED_EDGE('',*,*,#1208,.T.);
#1742=ORIENTED_EDGE('',*,*,#1221,.F.);
#1743=ORIENTED_EDGE('',*,*,#1222,.F.);
#1744=ORIENTED_EDGE('',*,*,#1223,.F.);
#1745=ORIENTED_EDGE('',*,*,#1221,.T.);
#1746=ORIENTED_EDGE('',*,*,#1207,.F.);
#1747=ORIENTED_EDGE('',*,*,#1224,.F.);
#1748=ORIENTED_EDGE('',*,*,#1224,.T.);
#1749=ORIENTED_EDGE('',*,*,#1206,.T.);
#1750=ORIENTED_EDGE('',*,*,#1225,.F.);
#1751=ORIENTED_EDGE('',*,*,#1226,.F.);
#1752=ORIENTED_EDGE('',*,*,#1212,.F.);
#1753=ORIENTED_EDGE('',*,*,#1227,.F.);
#1754=ORIENTED_EDGE('',*,*,#1225,.T.);
#1755=ORIENTED_EDGE('',*,*,#1205,.T.);
#1756=ORIENTED_EDGE('',*,*,#1129,.F.);
#1757=ORIENTED_EDGE('',*,*,#1132,.T.);
#1758=ORIENTED_EDGE('',*,*,#1134,.F.);
#1759=ORIENTED_EDGE('',*,*,#1136,.T.);
#1760=ORIENTED_EDGE('',*,*,#1138,.F.);
#1761=ORIENTED_EDGE('',*,*,#1140,.T.);
#1762=ORIENTED_EDGE('',*,*,#1142,.F.);
#1763=ORIENTED_EDGE('',*,*,#1143,.T.);
#1764=ORIENTED_EDGE('',*,*,#1218,.T.);
#1765=ORIENTED_EDGE('',*,*,#1219,.T.);
#1766=ORIENTED_EDGE('',*,*,#1222,.T.);
#1767=ORIENTED_EDGE('',*,*,#1223,.T.);
#1768=ORIENTED_EDGE('',*,*,#1226,.T.);
#1769=ORIENTED_EDGE('',*,*,#1227,.T.);
#1770=ORIENTED_EDGE('',*,*,#1214,.T.);
#1771=ORIENTED_EDGE('',*,*,#1216,.T.);
#1772=PLANE('',#1991);
#1773=PLANE('',#1992);
#1774=PLANE('',#1993);
#1775=PLANE('',#1994);
#1776=PLANE('',#1995);
#1777=PLANE('',#2007);
#1778=PLANE('',#2012);
#1779=PLANE('',#2013);
#1780=PLANE('',#2018);
#1781=PLANE('',#2019);
#1782=PLANE('',#2020);
#1783=PLANE('',#2021);
#1784=PLANE('',#2022);
#1785=PLANE('',#2023);
#1786=PLANE('',#2024);
#1787=PLANE('',#2025);
#1788=PLANE('',#2026);
#1789=PLANE('',#2027);
#1790=PLANE('',#2028);
#1791=PLANE('',#2029);
#1792=PLANE('',#2030);
#1793=PLANE('',#2031);
#1794=PLANE('',#2032);
#1795=PLANE('',#2033);
#1796=PLANE('',#2034);
#1797=PLANE('',#2035);
#1798=PLANE('',#2036);
#1799=PLANE('',#2037);
#1800=PLANE('',#2038);
#1801=PLANE('',#2039);
#1802=PLANE('',#2040);
#1803=PLANE('',#2041);
#1804=PLANE('',#2042);
#1805=PLANE('',#2043);
#1806=PLANE('',#2044);
#1807=PLANE('',#2045);
#1808=PLANE('',#2046);
#1809=PLANE('',#2047);
#1810=PLANE('',#2048);
#1811=PLANE('',#2053);
#1812=PLANE('',#2057);
#1813=PLANE('',#2061);
#1814=PLANE('',#2065);
#1815=PLANE('',#2088);
#1816=PLANE('',#2091);
#1817=PLANE('',#2092);
#1818=PLANE('',#2095);
#1819=PLANE('',#2098);
#1820=PLANE('',#2099);
#1821=PLANE('',#2100);
#1822=PLANE('',#2101);
#1823=PLANE('',#2102);
#1824=PLANE('',#2103);
#1825=PLANE('',#2104);
#1826=PLANE('',#2105);
#1827=PLANE('',#2106);
#1828=PLANE('',#2107);
#1829=PLANE('',#2108);
#1830=PLANE('',#2109);
#1831=PLANE('',#2110);
#1832=PLANE('',#2111);
#1833=PLANE('',#2112);
#1834=PLANE('',#2113);
#1835=PLANE('',#2114);
#1836=PLANE('',#2115);
#1837=PLANE('',#2116);
#1838=PLANE('',#2117);
#1839=PLANE('',#2118);
#1840=PLANE('',#2119);
#1841=PLANE('',#2120);
#1842=PLANE('',#2121);
#1843=PLANE('',#2122);
#1844=PLANE('',#2123);
#1845=PLANE('',#2124);
#1846=PLANE('',#2129);
#1847=PLANE('',#2131);
#1848=PLANE('',#2133);
#1849=PLANE('',#2135);
#1850=PLANE('',#2137);
#1851=PLANE('',#2138);
#1852=ADVANCED_FACE('',(#136),#1772,.F.);
#1853=ADVANCED_FACE('',(#137),#1773,.F.);
#1854=ADVANCED_FACE('',(#138),#1774,.F.);
#1855=ADVANCED_FACE('',(#139),#1775,.F.);
#1856=ADVANCED_FACE('',(#140),#1776,.T.);
#1857=ADVANCED_FACE('',(#141),#115,.F.);
#1858=ADVANCED_FACE('',(#142),#116,.F.);
#1859=ADVANCED_FACE('',(#143),#117,.F.);
#1860=ADVANCED_FACE('',(#144),#118,.F.);
#1861=ADVANCED_FACE('',(#145),#119,.F.);
#1862=ADVANCED_FACE('',(#146),#120,.F.);
#1863=ADVANCED_FACE('',(#147),#121,.F.);
#1864=ADVANCED_FACE('',(#148),#122,.F.);
#1865=ADVANCED_FACE('',(#149),#1777,.T.);
#1866=ADVANCED_FACE('',(#150),#48,.T.);
#1867=ADVANCED_FACE('',(#151),#49,.T.);
#1868=ADVANCED_FACE('',(#152),#1778,.T.);
#1869=ADVANCED_FACE('',(#153),#1779,.T.);
#1870=ADVANCED_FACE('',(#154),#50,.T.);
#1871=ADVANCED_FACE('',(#155),#51,.T.);
#1872=ADVANCED_FACE('',(#156),#1780,.T.);
#1873=ADVANCED_FACE('',(#157,#40),#1781,.T.);
#1874=ADVANCED_FACE('',(#158),#1782,.T.);
#1875=ADVANCED_FACE('',(#159),#1783,.F.);
#1876=ADVANCED_FACE('',(#160),#1784,.T.);
#1877=ADVANCED_FACE('',(#161),#1785,.F.);
#1878=ADVANCED_FACE('',(#162),#1786,.T.);
#1879=ADVANCED_FACE('',(#163),#1787,.F.);
#1880=ADVANCED_FACE('',(#164),#1788,.T.);
#1881=ADVANCED_FACE('',(#165),#1789,.F.);
#1882=ADVANCED_FACE('',(#166,#41),#1790,.T.);
#1883=ADVANCED_FACE('',(#167),#1791,.F.);
#1884=ADVANCED_FACE('',(#168),#1792,.F.);
#1885=ADVANCED_FACE('',(#169),#1793,.F.);
#1886=ADVANCED_FACE('',(#170),#1794,.F.);
#1887=ADVANCED_FACE('',(#171),#1795,.T.);
#1888=ADVANCED_FACE('',(#172,#42),#1796,.T.);
#1889=ADVANCED_FACE('',(#173),#1797,.F.);
#1890=ADVANCED_FACE('',(#174),#1798,.F.);
#1891=ADVANCED_FACE('',(#175),#1799,.F.);
#1892=ADVANCED_FACE('',(#176),#1800,.T.);
#1893=ADVANCED_FACE('',(#177,#43),#1801,.T.);
#1894=ADVANCED_FACE('',(#178),#1802,.F.);
#1895=ADVANCED_FACE('',(#179),#1803,.F.);
#1896=ADVANCED_FACE('',(#180),#1804,.F.);
#1897=ADVANCED_FACE('',(#181),#1805,.T.);
#1898=ADVANCED_FACE('',(#182,#44),#1806,.T.);
#1899=ADVANCED_FACE('',(#183),#1807,.F.);
#1900=ADVANCED_FACE('',(#184),#1808,.F.);
#1901=ADVANCED_FACE('',(#185),#1809,.F.);
#1902=ADVANCED_FACE('',(#186),#1810,.T.);
#1903=ADVANCED_FACE('',(#187),#52,.T.);
#1904=ADVANCED_FACE('',(#188),#1811,.T.);
#1905=ADVANCED_FACE('',(#189),#53,.T.);
#1906=ADVANCED_FACE('',(#190),#1812,.T.);
#1907=ADVANCED_FACE('',(#191),#54,.T.);
#1908=ADVANCED_FACE('',(#192),#1813,.T.);
#1909=ADVANCED_FACE('',(#193),#55,.T.);
#1910=ADVANCED_FACE('',(#194),#1814,.T.);
#1911=ADVANCED_FACE('',(#195),#56,.T.);
#1912=ADVANCED_FACE('',(#196),#57,.T.);
#1913=ADVANCED_FACE('',(#197),#23,.F.);
#1914=ADVANCED_FACE('',(#198),#24,.F.);
#1915=ADVANCED_FACE('',(#199),#58,.T.);
#1916=ADVANCED_FACE('',(#200),#25,.F.);
#1917=ADVANCED_FACE('',(#201),#59,.T.);
#1918=ADVANCED_FACE('',(#202),#26,.F.);
#1919=ADVANCED_FACE('',(#203),#60,.T.);
#1920=ADVANCED_FACE('',(#204),#1815,.F.);
#1921=ADVANCED_FACE('',(#205),#61,.T.);
#1922=ADVANCED_FACE('',(#206),#1816,.F.);
#1923=ADVANCED_FACE('',(#207),#1817,.F.);
#1924=ADVANCED_FACE('',(#208),#62,.T.);
#1925=ADVANCED_FACE('',(#209),#1818,.F.);
#1926=ADVANCED_FACE('',(#210),#63,.T.);
#1927=ADVANCED_FACE('',(#211),#1819,.F.);
#1928=ADVANCED_FACE('',(#212,#45),#1820,.F.);
#1929=ADVANCED_FACE('',(#213),#1821,.T.);
#1930=ADVANCED_FACE('',(#214),#1822,.T.);
#1931=ADVANCED_FACE('',(#215),#1823,.T.);
#1932=ADVANCED_FACE('',(#216),#1824,.T.);
#1933=ADVANCED_FACE('',(#217),#1825,.T.);
#1934=ADVANCED_FACE('',(#218),#1826,.T.);
#1935=ADVANCED_FACE('',(#219),#1827,.T.);
#1936=ADVANCED_FACE('',(#220),#1828,.T.);
#1937=ADVANCED_FACE('',(#221),#1829,.T.);
#1938=ADVANCED_FACE('',(#222),#1830,.T.);
#1939=ADVANCED_FACE('',(#223),#1831,.T.);
#1940=ADVANCED_FACE('',(#224),#1832,.T.);
#1941=ADVANCED_FACE('',(#225),#1833,.F.);
#1942=ADVANCED_FACE('',(#226),#1834,.F.);
#1943=ADVANCED_FACE('',(#227),#1835,.F.);
#1944=ADVANCED_FACE('',(#228),#1836,.F.);
#1945=ADVANCED_FACE('',(#229),#1837,.F.);
#1946=ADVANCED_FACE('',(#230),#1838,.F.);
#1947=ADVANCED_FACE('',(#231),#1839,.F.);
#1948=ADVANCED_FACE('',(#232),#1840,.F.);
#1949=ADVANCED_FACE('',(#233),#1841,.F.);
#1950=ADVANCED_FACE('',(#234),#1842,.F.);
#1951=ADVANCED_FACE('',(#235),#1843,.F.);
#1952=ADVANCED_FACE('',(#236),#1844,.F.);
#1953=ADVANCED_FACE('',(#237,#46),#1845,.T.);
#1954=ADVANCED_FACE('',(#238),#1846,.T.);
#1955=ADVANCED_FACE('',(#239),#27,.F.);
#1956=ADVANCED_FACE('',(#240),#1847,.T.);
#1957=ADVANCED_FACE('',(#241),#28,.F.);
#1958=ADVANCED_FACE('',(#242),#1848,.T.);
#1959=ADVANCED_FACE('',(#243),#29,.F.);
#1960=ADVANCED_FACE('',(#244),#1849,.T.);
#1961=ADVANCED_FACE('',(#245),#30,.F.);
#1962=ADVANCED_FACE('',(#246),#1850,.T.);
#1963=ADVANCED_FACE('',(#247,#47),#1851,.F.);
#1964=CLOSED_SHELL('',(#1852,#1853,#1854,#1855,#1856,#1857,#1858,#1859,
#1860,#1861,#1862,#1863,#1864,#1865,#1866,#1867,#1868,#1869,#1870,#1871,
#1872,#1873,#1874,#1875,#1876,#1877,#1878,#1879,#1880,#1881,#1882,#1883,
#1884,#1885,#1886,#1887,#1888,#1889,#1890,#1891,#1892,#1893,#1894,#1895,
#1896,#1897,#1898,#1899,#1900,#1901,#1902));
#1965=CLOSED_SHELL('',(#1903,#1904,#1905,#1906,#1907,#1908,#1909,#1910,
#1911,#1912,#1913,#1914,#1915,#1916,#1917,#1918,#1919,#1920,#1921,#1922,
#1923,#1924,#1925,#1926,#1927,#1928,#1929,#1930,#1931,#1932,#1933,#1934,
#1935,#1936,#1937,#1938,#1939,#1940,#1941,#1942,#1943,#1944,#1945,#1946,
#1947,#1948,#1949,#1950,#1951,#1952,#1953,#1954,#1955,#1956,#1957,#1958,
#1959,#1960,#1961,#1962,#1963));
#1966=DERIVED_UNIT_ELEMENT(#1970,1.);
#1967=DERIVED_UNIT_ELEMENT(#4339,-3.);
#1968=DERIVED_UNIT_ELEMENT(#1970,1.);
#1969=DERIVED_UNIT_ELEMENT(#4339,-3.);
#1970=(
MASS_UNIT()
NAMED_UNIT(*)
SI_UNIT(.KILO.,.GRAM.)
);
#1971=DERIVED_UNIT((#1966,#1967));
#1972=DERIVED_UNIT((#1968,#1969));
#1973=MEASURE_REPRESENTATION_ITEM('density measure',
POSITIVE_RATIO_MEASURE(7850.),#1971);
#1974=MEASURE_REPRESENTATION_ITEM('density measure',
POSITIVE_RATIO_MEASURE(7850.),#1972);
#1975=PROPERTY_DEFINITION_REPRESENTATION(#1985,#1979);
#1976=PROPERTY_DEFINITION_REPRESENTATION(#1986,#1980);
#1977=PROPERTY_DEFINITION_REPRESENTATION(#1987,#1981);
#1978=PROPERTY_DEFINITION_REPRESENTATION(#1988,#1982);
#1979=REPRESENTATION('material name',(#1983),#4335);
#1980=REPRESENTATION('density',(#1973),#4335);
#1981=REPRESENTATION('material name',(#1984),#4336);
#1982=REPRESENTATION('density',(#1974),#4336);
#1983=DESCRIPTIVE_REPRESENTATION_ITEM('Steel','Steel');
#1984=DESCRIPTIVE_REPRESENTATION_ITEM('Steel','Steel');
#1985=PROPERTY_DEFINITION('material property','material name',#4355);
#1986=PROPERTY_DEFINITION('material property','density of part',#4355);
#1987=PROPERTY_DEFINITION('material property','material name',#4356);
#1988=PROPERTY_DEFINITION('material property','density of part',#4356);
#1989=AXIS2_PLACEMENT_3D('',#2656,#2142,#2143);
#1990=AXIS2_PLACEMENT_3D('',#2657,#2144,#2145);
#1991=AXIS2_PLACEMENT_3D('',#2658,#2146,#2147);
#1992=AXIS2_PLACEMENT_3D('',#2667,#2152,#2153);
#1993=AXIS2_PLACEMENT_3D('',#2676,#2158,#2159);
#1994=AXIS2_PLACEMENT_3D('',#2685,#2164,#2165);
#1995=AXIS2_PLACEMENT_3D('',#2694,#2170,#2171);
#1996=AXIS2_PLACEMENT_3D('',#2978,#2172,#2173);
#1997=AXIS2_PLACEMENT_3D('',#2980,#2174,#2175);
#1998=AXIS2_PLACEMENT_3D('',#3075,#2176,#2177);
#1999=AXIS2_PLACEMENT_3D('',#3195,#2178,#2179);
#2000=AXIS2_PLACEMENT_3D('',#3196,#2180,#2181);
#2001=AXIS2_PLACEMENT_3D('',#3276,#2182,#2183);
#2002=AXIS2_PLACEMENT_3D('',#3382,#2184,#2185);
#2003=AXIS2_PLACEMENT_3D('',#3476,#2186,#2187);
#2004=AXIS2_PLACEMENT_3D('',#3477,#2188,#2189);
#2005=AXIS2_PLACEMENT_3D('',#3545,#2190,#2191);
#2006=AXIS2_PLACEMENT_3D('',#3546,#2192,#2193);
#2007=AXIS2_PLACEMENT_3D('',#3651,#2194,#2195);
#2008=AXIS2_PLACEMENT_3D('',#3657,#2199,#2200);
#2009=AXIS2_PLACEMENT_3D('',#3660,#2202,#2203);
#2010=AXIS2_PLACEMENT_3D('',#3661,#2204,#2205);
#2011=AXIS2_PLACEMENT_3D('',#3664,#2207,#2208);
#2012=AXIS2_PLACEMENT_3D('',#3665,#2209,#2210);
#2013=AXIS2_PLACEMENT_3D('',#3669,#2213,#2214);
#2014=AXIS2_PLACEMENT_3D('',#3673,#2217,#2218);
#2015=AXIS2_PLACEMENT_3D('',#3676,#2220,#2221);
#2016=AXIS2_PLACEMENT_3D('',#3677,#2222,#2223);
#2017=AXIS2_PLACEMENT_3D('',#3680,#2225,#2226);
#2018=AXIS2_PLACEMENT_3D('',#3681,#2227,#2228);
#2019=AXIS2_PLACEMENT_3D('',#3683,#2230,#2231);
#2020=AXIS2_PLACEMENT_3D('',#3712,#2248,#2249);
#2021=AXIS2_PLACEMENT_3D('',#3714,#2251,#2252);
#2022=AXIS2_PLACEMENT_3D('',#3716,#2254,#2255);
#2023=AXIS2_PLACEMENT_3D('',#3718,#2257,#2258);
#2024=AXIS2_PLACEMENT_3D('',#3720,#2260,#2261);
#2025=AXIS2_PLACEMENT_3D('',#3722,#2263,#2264);
#2026=AXIS2_PLACEMENT_3D('',#3724,#2266,#2267);
#2027=AXIS2_PLACEMENT_3D('',#3726,#2269,#2270);
#2028=AXIS2_PLACEMENT_3D('',#3728,#2272,#2273);
#2029=AXIS2_PLACEMENT_3D('',#3742,#2281,#2282);
#2030=AXIS2_PLACEMENT_3D('',#3748,#2286,#2287);
#2031=AXIS2_PLACEMENT_3D('',#3754,#2291,#2292);
#2032=AXIS2_PLACEMENT_3D('',#3756,#2294,#2295);
#2033=AXIS2_PLACEMENT_3D('',#3758,#2297,#2298);
#2034=AXIS2_PLACEMENT_3D('',#3759,#2299,#2300);
#2035=AXIS2_PLACEMENT_3D('',#3769,#2306,#2307);
#2036=AXIS2_PLACEMENT_3D('',#3775,#2311,#2312);
#2037=AXIS2_PLACEMENT_3D('',#3777,#2314,#2315);
#2038=AXIS2_PLACEMENT_3D('',#3779,#2317,#2318);
#2039=AXIS2_PLACEMENT_3D('',#3780,#2319,#2320);
#2040=AXIS2_PLACEMENT_3D('',#3790,#2326,#2327);
#2041=AXIS2_PLACEMENT_3D('',#3796,#2331,#2332);
#2042=AXIS2_PLACEMENT_3D('',#3798,#2334,#2335);
#2043=AXIS2_PLACEMENT_3D('',#3800,#2337,#2338);
#2044=AXIS2_PLACEMENT_3D('',#3801,#2339,#2340);
#2045=AXIS2_PLACEMENT_3D('',#3810,#2345,#2346);
#2046=AXIS2_PLACEMENT_3D('',#3816,#2350,#2351);
#2047=AXIS2_PLACEMENT_3D('',#3818,#2353,#2354);
#2048=AXIS2_PLACEMENT_3D('',#3820,#2356,#2357);
#2049=AXIS2_PLACEMENT_3D('',#3821,#2358,#2359);
#2050=AXIS2_PLACEMENT_3D('',#3822,#2360,#2361);
#2051=AXIS2_PLACEMENT_3D('',#3825,#2362,#2363);
#2052=AXIS2_PLACEMENT_3D('',#3829,#2365,#2366);
#2053=AXIS2_PLACEMENT_3D('',#3831,#2368,#2369);
#2054=AXIS2_PLACEMENT_3D('',#3837,#2373,#2374);
#2055=AXIS2_PLACEMENT_3D('',#3840,#2375,#2376);
#2056=AXIS2_PLACEMENT_3D('',#3844,#2378,#2379);
#2057=AXIS2_PLACEMENT_3D('',#3846,#2381,#2382);
#2058=AXIS2_PLACEMENT_3D('',#3849,#2385,#2386);
#2059=AXIS2_PLACEMENT_3D('',#3852,#2387,#2388);
#2060=AXIS2_PLACEMENT_3D('',#3856,#2390,#2391);
#2061=AXIS2_PLACEMENT_3D('',#3858,#2393,#2394);
#2062=AXIS2_PLACEMENT_3D('',#3861,#2397,#2398);
#2063=AXIS2_PLACEMENT_3D('',#3863,#2399,#2400);
#2064=AXIS2_PLACEMENT_3D('',#3865,#2401,#2402);
#2065=AXIS2_PLACEMENT_3D('',#3867,#2404,#2405);
#2066=AXIS2_PLACEMENT_3D('',#3870,#2408,#2409);
#2067=AXIS2_PLACEMENT_3D('',#3873,#2410,#2411);
#2068=AXIS2_PLACEMENT_3D('',#3877,#2413,#2414);
#2069=AXIS2_PLACEMENT_3D('',#3879,#2416,#2417);
#2070=AXIS2_PLACEMENT_3D('',#3882,#2418,#2419);
#2071=AXIS2_PLACEMENT_3D('',#3886,#2421,#2422);
#2072=AXIS2_PLACEMENT_3D('',#3915,#2424,#2425);
#2073=AXIS2_PLACEMENT_3D('',#3916,#2426,#2427);
#2074=AXIS2_PLACEMENT_3D('',#3917,#2428,#2429);
#2075=AXIS2_PLACEMENT_3D('',#3943,#2430,#2431);
#2076=AXIS2_PLACEMENT_3D('',#3944,#2432,#2433);
#2077=AXIS2_PLACEMENT_3D('',#3945,#2434,#2435);
#2078=AXIS2_PLACEMENT_3D('',#3948,#2436,#2437);
#2079=AXIS2_PLACEMENT_3D('',#3978,#2440,#2441);
#2080=AXIS2_PLACEMENT_3D('',#3979,#2442,#2443);
#2081=AXIS2_PLACEMENT_3D('',#3980,#2444,#2445);
#2082=AXIS2_PLACEMENT_3D('',#3981,#2446,#2447);
#2083=AXIS2_PLACEMENT_3D('',#3984,#2448,#2449);
#2084=AXIS2_PLACEMENT_3D('',#4012,#2452,#2453);
#2085=AXIS2_PLACEMENT_3D('',#4013,#2454,#2455);
#2086=AXIS2_PLACEMENT_3D('',#4014,#2456,#2457);
#2087=AXIS2_PLACEMENT_3D('',#4018,#2459,#2460);
#2088=AXIS2_PLACEMENT_3D('',#4020,#2462,#2463);
#2089=AXIS2_PLACEMENT_3D('',#4024,#2466,#2467);
#2090=AXIS2_PLACEMENT_3D('',#4027,#2469,#2470);
#2091=AXIS2_PLACEMENT_3D('',#4028,#2471,#2472);
#2092=AXIS2_PLACEMENT_3D('',#4032,#2475,#2476);
#2093=AXIS2_PLACEMENT_3D('',#4033,#2477,#2478);
#2094=AXIS2_PLACEMENT_3D('',#4036,#2480,#2481);
#2095=AXIS2_PLACEMENT_3D('',#4037,#2482,#2483);
#2096=AXIS2_PLACEMENT_3D('',#4041,#2486,#2487);
#2097=AXIS2_PLACEMENT_3D('',#4044,#2489,#2490);
#2098=AXIS2_PLACEMENT_3D('',#4045,#2491,#2492);
#2099=AXIS2_PLACEMENT_3D('',#4047,#2494,#2495);
#2100=AXIS2_PLACEMENT_3D('',#4072,#2508,#2509);
#2101=AXIS2_PLACEMENT_3D('',#4078,#2513,#2514);
#2102=AXIS2_PLACEMENT_3D('',#4082,#2517,#2518);
#2103=AXIS2_PLACEMENT_3D('',#4086,#2521,#2522);
#2104=AXIS2_PLACEMENT_3D('',#4090,#2525,#2526);
#2105=AXIS2_PLACEMENT_3D('',#4094,#2529,#2530);
#2106=AXIS2_PLACEMENT_3D('',#4098,#2533,#2534);
#2107=AXIS2_PLACEMENT_3D('',#4102,#2537,#2538);
#2108=AXIS2_PLACEMENT_3D('',#4106,#2541,#2542);
#2109=AXIS2_PLACEMENT_3D('',#4110,#2545,#2546);
#2110=AXIS2_PLACEMENT_3D('',#4114,#2549,#2550);
#2111=AXIS2_PLACEMENT_3D('',#4118,#2553,#2554);
#2112=AXIS2_PLACEMENT_3D('',#4120,#2556,#2557);
#2113=AXIS2_PLACEMENT_3D('',#4126,#2561,#2562);
#2114=AXIS2_PLACEMENT_3D('',#4130,#2565,#2566);
#2115=AXIS2_PLACEMENT_3D('',#4134,#2569,#2570);
#2116=AXIS2_PLACEMENT_3D('',#4138,#2573,#2574);
#2117=AXIS2_PLACEMENT_3D('',#4142,#2577,#2578);
#2118=AXIS2_PLACEMENT_3D('',#4146,#2581,#2582);
#2119=AXIS2_PLACEMENT_3D('',#4150,#2585,#2586);
#2120=AXIS2_PLACEMENT_3D('',#4154,#2589,#2590);
#2121=AXIS2_PLACEMENT_3D('',#4158,#2593,#2594);
#2122=AXIS2_PLACEMENT_3D('',#4162,#2597,#2598);
#2123=AXIS2_PLACEMENT_3D('',#4166,#2601,#2602);
#2124=AXIS2_PLACEMENT_3D('',#4168,#2604,#2605);
#2125=AXIS2_PLACEMENT_3D('',#4171,#2606,#2607);
#2126=AXIS2_PLACEMENT_3D('',#4175,#2609,#2610);
#2127=AXIS2_PLACEMENT_3D('',#4179,#2612,#2613);
#2128=AXIS2_PLACEMENT_3D('',#4183,#2615,#2616);
#2129=AXIS2_PLACEMENT_3D('',#4185,#2618,#2619);
#2130=AXIS2_PLACEMENT_3D('',#4218,#2622,#2623);
#2131=AXIS2_PLACEMENT_3D('',#4219,#2624,#2625);
#2132=AXIS2_PLACEMENT_3D('',#4253,#2629,#2630);
#2133=AXIS2_PLACEMENT_3D('',#4254,#2631,#2632);
#2134=AXIS2_PLACEMENT_3D('',#4288,#2636,#2637);
#2135=AXIS2_PLACEMENT_3D('',#4289,#2638,#2639);
#2136=AXIS2_PLACEMENT_3D('',#4323,#2643,#2644);
#2137=AXIS2_PLACEMENT_3D('',#4324,#2645,#2646);
#2138=AXIS2_PLACEMENT_3D('',#4326,#2648,#2649);
#2139=AXIS2_PLACEMENT_3D('',#4327,#2650,#2651);
#2140=AXIS2_PLACEMENT_3D('',#4328,#2652,#2653);
#2141=AXIS2_PLACEMENT_3D('',#4329,#2654,#2655);
#2142=DIRECTION('axis',(0.,0.,1.));
#2143=DIRECTION('refdir',(1.,0.,0.));
#2144=DIRECTION('axis',(0.,0.,1.));
#2145=DIRECTION('refdir',(1.,0.,0.));
#2146=DIRECTION('center_axis',(-3.31325301205516E-17,-1.,0.));
#2147=DIRECTION('ref_axis',(1.,-3.31325301205516E-17,2.2E-16));
#2148=DIRECTION('',(-1.,3.31325301205516E-17,-2.2E-16));
#2149=DIRECTION('',(2.2E-16,-7.28915662652136E-33,-1.));
#2150=DIRECTION('',(1.,-3.31325301205516E-17,2.2E-16));
#2151=DIRECTION('',(-2.2E-16,7.28915662652136E-33,1.));
#2152=DIRECTION('center_axis',(-1.,3.31325301205516E-17,0.));
#2153=DIRECTION('ref_axis',(-3.31325301205516E-17,-1.,2.2E-16));
#2154=DIRECTION('',(3.31325301205516E-17,1.,-2.2E-16));
#2155=DIRECTION('',(-7.28915662652136E-33,-2.2E-16,-1.));
#2156=DIRECTION('',(-3.31325301205516E-17,-1.,2.2E-16));
#2157=DIRECTION('',(7.28915662652136E-33,2.2E-16,1.));
#2158=DIRECTION('center_axis',(-1.17469879518319E-16,1.,0.));
#2159=DIRECTION('ref_axis',(-1.,-1.17469879518319E-16,-7.8E-16));
#2160=DIRECTION('',(1.,1.17469879518319E-16,7.8E-16));
#2161=DIRECTION('',(7.8E-16,9.16265060242891E-32,-1.));
#2162=DIRECTION('',(-1.,-1.17469879518319E-16,-7.8E-16));
#2163=DIRECTION('',(-7.8E-16,-9.16265060242891E-32,1.));
#2164=DIRECTION('center_axis',(1.,1.17469879518319E-16,0.));
#2165=DIRECTION('ref_axis',(-1.17469879518319E-16,1.,-7.8E-16));
#2166=DIRECTION('',(1.17469879518319E-16,-1.,7.8E-16));
#2167=DIRECTION('',(9.16265060242891E-32,-7.8E-16,-1.));
#2168=DIRECTION('',(-1.17469879518319E-16,1.,-7.8E-16));
#2169=DIRECTION('',(-9.16265060242891E-32,7.8E-16,1.));
#2170=DIRECTION('center_axis',(0.,0.,1.));
#2171=DIRECTION('ref_axis',(1.,0.,0.));
#2172=DIRECTION('center_axis',(-0.032749584018811,0.999463588504651,1.061053462437E-12));
#2173=DIRECTION('ref_axis',(0.988306596968534,0.0323840010840526,0.149001163962784));
#2174=DIRECTION('center_axis',(0.042459568374143,0.999098185892398,-2.75357173459935E-12));
#2175=DIRECTION('ref_axis',(0.987937250096637,-0.0419852521120972,0.149054448026816));
#2176=DIRECTION('center_axis',(-0.999098185892891,0.0424595683625468,1.36955593401371E-12));
#2177=DIRECTION('ref_axis',(0.0419852521012459,0.98793725009717,0.149054448026341));
#2178=DIRECTION('center_axis',(0.999133578748253,0.0416184071981297,-2.28652721334713E-11));
#2179=DIRECTION('ref_axis',(0.0411535199476003,-0.987973025113082,0.149049285287882));
#2180=DIRECTION('center_axis',(0.0387248737862038,-0.0387234676927689,-0.998499312568662));
#2181=DIRECTION('ref_axis',(-0.70605478654943,0.706036483186818,-0.0547642474597222));
#2182=DIRECTION('center_axis',(-0.999133578748253,-0.0416184071981301,-1.69996822959575E-11));
#2183=DIRECTION('ref_axis',(-0.041153519946722,0.98797302511308,0.149049285288136));
#2184=DIRECTION('center_axis',(0.999099800126871,-0.0424215674680564,7.1613864743449E-13));
#2185=DIRECTION('ref_axis',(-0.0419476772208136,-0.98793888176233,0.149054212546897));
#2186=DIRECTION('center_axis',(-0.0424595683625468,-0.999098185892891,1.36955593401371E-12));
#2187=DIRECTION('ref_axis',(-0.98793725009717,0.0419852521012459,0.149054448026339));
#2188=DIRECTION('center_axis',(-0.0387248737862659,0.0387234676928301,-0.998499312568657));
#2189=DIRECTION('ref_axis',(-0.706054786574779,0.706036483161461,0.0547642474598093));
#2190=DIRECTION('center_axis',(0.0416599873042148,-0.999131845883121,-2.22143676118769E-11));
#2191=DIRECTION('ref_axis',(-0.987971273537271,-0.0411946340069087,0.149049538054229));
#2192=DIRECTION('center_axis',(-0.0387235283946407,-0.0387248014846757,
-0.998499313018613));
#2193=DIRECTION('ref_axis',(0.706038376516458,0.706052893900137,-0.0547642392556012));
#2194=DIRECTION('center_axis',(0.988848793681777,0.,0.148923011096653));
#2195=DIRECTION('ref_axis',(0.148923011096653,0.,-0.988848793681777));
#2196=DIRECTION('',(0.147298569945218,0.147298569945232,-0.978062504436288));
#2197=DIRECTION('',(0.147298569945218,-0.147298569945232,-0.978062504436288));
#2198=DIRECTION('',(0.,-1.,0.));
#2199=DIRECTION('center_axis',(-0.147298569945354,-0.147298569945097,0.978062504436288));
#2200=DIRECTION('ref_axis',(0.691594629311197,0.691594629311197,0.2083116353347));
#2201=DIRECTION('',(0.147298569945232,0.147298569945218,-0.978062504436288));
#2202=DIRECTION('center_axis',(0.,0.,-1.));
#2203=DIRECTION('ref_axis',(0.707106781186574,0.707106781186521,0.));
#2204=DIRECTION('center_axis',(-0.147298569945097,0.147298569945354,0.978062504436288));
#2205=DIRECTION('ref_axis',(0.691594629311197,-0.691594629311197,0.2083116353347));
#2206=DIRECTION('',(0.147298569945232,-0.147298569945218,-0.978062504436288));
#2207=DIRECTION('center_axis',(0.,0.,-1.));
#2208=DIRECTION('ref_axis',(0.707106781186521,-0.707106781186574,0.));
#2209=DIRECTION('center_axis',(0.,0.988848793681777,0.148923011096653));
#2210=DIRECTION('ref_axis',(0.,-0.148923011096653,0.988848793681777));
#2211=DIRECTION('',(-0.147298569945232,0.147298569945218,-0.978062504436288));
#2212=DIRECTION('',(1.,0.,0.));
#2213=DIRECTION('center_axis',(0.,-0.988848793681777,0.148923011096653));
#2214=DIRECTION('ref_axis',(0.,-0.148923011096653,-0.988848793681777));
#2215=DIRECTION('',(-0.147298569945232,-0.147298569945218,-0.978062504436288));
#2216=DIRECTION('',(-1.,0.,0.));
#2217=DIRECTION('center_axis',(0.147298569945097,-0.147298569945354,0.978062504436288));
#2218=DIRECTION('ref_axis',(-0.691594629311197,0.691594629311197,0.2083116353347));
#2219=DIRECTION('',(-0.147298569945218,0.147298569945232,-0.978062504436288));
#2220=DIRECTION('center_axis',(0.,0.,-1.));
#2221=DIRECTION('ref_axis',(-0.707106781186521,0.707106781186574,0.));
#2222=DIRECTION('center_axis',(-0.147298569945097,-0.147298569945354,-0.978062504436288));
#2223=DIRECTION('ref_axis',(-0.691594629311197,-0.691594629311197,0.2083116353347));
#2224=DIRECTION('',(-0.147298569945218,-0.147298569945232,-0.978062504436288));
#2225=DIRECTION('center_axis',(0.,0.,1.));
#2226=DIRECTION('ref_axis',(-0.707106781186521,-0.707106781186574,0.));
#2227=DIRECTION('center_axis',(-0.988848793681777,0.,0.148923011096653));
#2228=DIRECTION('ref_axis',(0.148923011096653,0.,0.988848793681777));
#2229=DIRECTION('',(0.,1.,0.));
#2230=DIRECTION('center_axis',(0.,0.,-1.));
#2231=DIRECTION('ref_axis',(-1.,0.,0.));
#2232=DIRECTION('',(0.,1.,0.));
#2233=DIRECTION('',(-1.,0.,0.));
#2234=DIRECTION('',(-2.2E-31,1.,0.));
#2235=DIRECTION('',(-2.2E-31,1.,0.));
#2236=DIRECTION('',(-1.,0.,0.));
#2237=DIRECTION('',(0.,-1.,0.));
#2238=DIRECTION('',(-1.,7.8E-31,0.));
#2239=DIRECTION('',(-1.,7.8E-31,0.));
#2240=DIRECTION('',(0.,-1.,0.));
#2241=DIRECTION('',(1.,0.,0.));
#2242=DIRECTION('',(0.,-1.,0.));
#2243=DIRECTION('',(0.,-1.,0.));
#2244=DIRECTION('',(1.,0.,0.));
#2245=DIRECTION('',(0.,1.,0.));
#2246=DIRECTION('',(1.,0.,0.));
#2247=DIRECTION('',(1.,0.,0.));
#2248=DIRECTION('center_axis',(0.,1.,-2.2E-16));
#2249=DIRECTION('ref_axis',(0.,2.2E-16,1.));
#2250=DIRECTION('',(-0.14892301109696,0.,0.988848793681731));
#2251=DIRECTION('center_axis',(0.,1.,-2.2E-16));
#2252=DIRECTION('ref_axis',(0.,2.2E-16,1.));
#2253=DIRECTION('',(-0.14892301109696,0.,0.988848793681731));
#2254=DIRECTION('center_axis',(1.,0.,7.8E-16));
#2255=DIRECTION('ref_axis',(-7.8E-16,0.,1.));
#2256=DIRECTION('',(-9.88848793681531E-16,0.14892301109696,0.988848793681731));
#2257=DIRECTION('center_axis',(1.,0.,7.8E-16));
#2258=DIRECTION('ref_axis',(-7.8E-16,0.,1.));
#2259=DIRECTION('',(-9.88848793681531E-16,0.14892301109696,0.988848793681731));
#2260=DIRECTION('center_axis',(-7.8E-31,-1.,7.8E-16));
#2261=DIRECTION('ref_axis',(-1.E-15,7.8E-16,1.));
#2262=DIRECTION('',(0.14892301109696,9.88848793681531E-16,0.988848793681731));
#2263=DIRECTION('center_axis',(-7.8E-31,-1.,7.8E-16));
#2264=DIRECTION('ref_axis',(-1.E-15,7.8E-16,1.));
#2265=DIRECTION('',(0.14892301109696,9.88848793681531E-16,0.988848793681731));
#2266=DIRECTION('center_axis',(-1.,-2.2E-31,-2.2E-16));
#2267=DIRECTION('ref_axis',(-2.2E-16,1.E-15,1.));
#2268=DIRECTION('',(0.,-0.14892301109696,0.988848793681731));
#2269=DIRECTION('center_axis',(-1.,-2.2E-31,-2.2E-16));
#2270=DIRECTION('ref_axis',(-2.2E-16,1.E-15,1.));
#2271=DIRECTION('',(0.,-0.14892301109696,0.988848793681731));
#2272=DIRECTION('center_axis',(-0.988848793681731,0.,-0.14892301109696));
#2273=DIRECTION('ref_axis',(0.14892301109696,0.,-0.988848793681731));
#2274=DIRECTION('',(-0.147298569945051,0.147298569945051,0.97806250443634));
#2275=DIRECTION('',(0.,-1.,0.));
#2276=DIRECTION('',(0.147298569945051,0.147298569945051,-0.97806250443634));
#2277=DIRECTION('',(0.,-1.,2.2E-16));
#2278=DIRECTION('',(-0.14892301109696,0.,0.988848793681731));
#2279=DIRECTION('',(0.,-1.,2.2E-16));
#2280=DIRECTION('',(-0.14892301109696,0.,0.988848793681731));
#2281=DIRECTION('center_axis',(0.,0.,1.));
#2282=DIRECTION('ref_axis',(1.,0.,0.));
#2283=DIRECTION('',(1.,0.,0.));
#2284=DIRECTION('',(-1.,0.,0.));
#2285=DIRECTION('',(0.,1.,0.));
#2286=DIRECTION('center_axis',(0.993202159780091,-3.00000000000027E-17,
-0.116402189877011));
#2287=DIRECTION('ref_axis',(-0.116402189877011,-2.2000000000002E-16,-0.993202159780091));
#2288=DIRECTION('',(-0.116402189877011,0.,-0.99320215978009));
#2289=DIRECTION('',(0.,-1.,2.2E-16));
#2290=DIRECTION('',(-0.116402189877011,0.,-0.99320215978009));
#2291=DIRECTION('center_axis',(0.,1.,-2.2E-16));
#2292=DIRECTION('ref_axis',(0.,2.2E-16,1.));
#2293=DIRECTION('',(1.,0.,0.));
#2294=DIRECTION('center_axis',(0.,2.2E-16,1.));
#2295=DIRECTION('ref_axis',(1.,0.,0.));
#2296=DIRECTION('',(1.,0.,0.));
#2297=DIRECTION('center_axis',(0.,1.,-2.2E-16));
#2298=DIRECTION('ref_axis',(0.,2.2E-16,1.));
#2299=DIRECTION('center_axis',(0.,0.988848793681731,-0.14892301109696));
#2300=DIRECTION('ref_axis',(0.,0.14892301109696,0.988848793681731));
#2301=DIRECTION('',(0.147298569945051,0.147298569945051,0.97806250443634));
#2302=DIRECTION('',(-1.,0.,-7.8E-16));
#2303=DIRECTION('',(-9.88848793681531E-16,0.14892301109696,0.988848793681731));
#2304=DIRECTION('',(-1.,0.,-7.8E-16));
#2305=DIRECTION('',(-9.88848793681531E-16,0.14892301109696,0.988848793681731));
#2306=DIRECTION('center_axis',(8.64021898768579E-17,-0.993202159780091,
-0.116402189877011));
#2307=DIRECTION('ref_axis',(7.7320215978017E-16,0.116402189877011,-0.993202159780091));
#2308=DIRECTION('',(9.9320215978019E-16,0.116402189877011,-0.99320215978009));
#2309=DIRECTION('',(-1.,0.,-7.8E-16));
#2310=DIRECTION('',(9.9320215978019E-16,0.116402189877011,-0.99320215978009));
#2311=DIRECTION('center_axis',(1.,0.,7.8E-16));
#2312=DIRECTION('ref_axis',(-7.8E-16,0.,1.));
#2313=DIRECTION('',(0.,-1.,0.));
#2314=DIRECTION('center_axis',(-7.8E-16,0.,1.));
#2315=DIRECTION('ref_axis',(0.,-1.,0.));
#2316=DIRECTION('',(0.,-1.,0.));
#2317=DIRECTION('center_axis',(1.,0.,7.8E-16));
#2318=DIRECTION('ref_axis',(-7.8E-16,0.,1.));
#2319=DIRECTION('center_axis',(0.988848793681731,0.,-0.14892301109696));
#2320=DIRECTION('ref_axis',(0.14892301109696,0.,0.988848793681731));
#2321=DIRECTION('',(-0.147298569945051,0.147298569945051,-0.97806250443634));
#2322=DIRECTION('',(7.8E-31,1.,-7.8E-16));
#2323=DIRECTION('',(0.14892301109696,9.88848793681531E-16,0.988848793681731));
#2324=DIRECTION('',(7.8E-31,1.,-7.8E-16));
#2325=DIRECTION('',(0.14892301109696,9.88848793681531E-16,0.988848793681731));
#2326=DIRECTION('center_axis',(-0.993202159780091,-8.64021898768579E-17,
-0.116402189877011));
#2327=DIRECTION('ref_axis',(0.116402189877011,-7.7320215978017E-16,-0.993202159780091));
#2328=DIRECTION('',(0.116402189877011,-9.9320215978019E-16,-0.99320215978009));
#2329=DIRECTION('',(7.8E-31,1.,-7.8E-16));
#2330=DIRECTION('',(0.116402189877011,-9.9320215978019E-16,-0.99320215978009));
#2331=DIRECTION('center_axis',(-7.8E-31,-1.,7.8E-16));
#2332=DIRECTION('ref_axis',(-1.E-15,7.8E-16,1.));
#2333=DIRECTION('',(-1.,0.,-1.E-15));
#2334=DIRECTION('center_axis',(-1.E-15,7.8E-16,1.));
#2335=DIRECTION('ref_axis',(-1.,0.,-1.E-15));
#2336=DIRECTION('',(-1.,0.,-1.E-15));
#2337=DIRECTION('center_axis',(-7.8E-31,-1.,7.8E-16));
#2338=DIRECTION('ref_axis',(-1.E-15,7.8E-16,1.));
#2339=DIRECTION('center_axis',(0.,-0.988848793681731,-0.14892301109696));
#2340=DIRECTION('ref_axis',(0.,0.14892301109696,-0.988848793681731));
#2341=DIRECTION('',(1.,2.2E-31,2.2E-16));
#2342=DIRECTION('',(0.,-0.14892301109696,0.988848793681731));
#2343=DIRECTION('',(1.,2.2E-31,2.2E-16));
#2344=DIRECTION('',(0.,-0.14892301109696,0.988848793681731));
#2345=DIRECTION('center_axis',(3.00000000000027E-17,0.993202159780091,-0.116402189877011));
#2346=DIRECTION('ref_axis',(2.2000000000002E-16,-0.116402189877011,-0.993202159780091));
#2347=DIRECTION('',(0.,-0.116402189877011,-0.99320215978009));
#2348=DIRECTION('',(1.,2.2E-31,2.2E-16));
#2349=DIRECTION('',(0.,-0.116402189877011,-0.99320215978009));
#2350=DIRECTION('center_axis',(-1.,-2.2E-31,-2.2E-16));
#2351=DIRECTION('ref_axis',(-2.2E-16,1.E-15,1.));
#2352=DIRECTION('',(0.,1.,-1.E-15));
#2353=DIRECTION('center_axis',(-2.2E-16,1.E-15,1.));
#2354=DIRECTION('ref_axis',(0.,1.,-1.E-15));
#2355=DIRECTION('',(0.,1.,-1.E-15));
#2356=DIRECTION('center_axis',(-1.,-2.2E-31,-2.2E-16));
#2357=DIRECTION('ref_axis',(-2.2E-16,1.E-15,1.));
#2358=DIRECTION('axis',(0.,0.,1.));
#2359=DIRECTION('refdir',(1.,0.,0.));
#2360=DIRECTION('center_axis',(0.,0.,-1.));
#2361=DIRECTION('ref_axis',(0.707106781186548,0.707106781186547,0.));
#2362=DIRECTION('center_axis',(0.,0.,1.));
#2363=DIRECTION('ref_axis',(0.707106781186548,0.707106781186547,0.));
#2364=DIRECTION('',(0.,0.,1.));
#2365=DIRECTION('center_axis',(0.,0.,1.));
#2366=DIRECTION('ref_axis',(0.707106781186548,0.707106781186547,0.));
#2367=DIRECTION('',(0.,0.,-1.));
#2368=DIRECTION('center_axis',(1.,0.,0.));
#2369=DIRECTION('ref_axis',(0.,-1.,0.));
#2370=DIRECTION('',(0.,1.,0.));
#2371=DIRECTION('',(0.,0.,1.));
#2372=DIRECTION('',(0.,-1.,0.));
#2373=DIRECTION('center_axis',(0.,0.,-1.));
#2374=DIRECTION('ref_axis',(-0.707106781186548,0.707106781186547,0.));
#2375=DIRECTION('center_axis',(0.,0.,1.));
#2376=DIRECTION('ref_axis',(-0.707106781186548,0.707106781186547,0.));
#2377=DIRECTION('',(0.,0.,1.));
#2378=DIRECTION('center_axis',(0.,0.,1.));
#2379=DIRECTION('ref_axis',(-0.707106781186548,0.707106781186547,0.));
#2380=DIRECTION('',(0.,0.,-1.));
#2381=DIRECTION('center_axis',(0.,1.,0.));
#2382=DIRECTION('ref_axis',(1.,0.,0.));
#2383=DIRECTION('',(1.,0.,0.));
#2384=DIRECTION('',(-1.,0.,0.));
#2385=DIRECTION('center_axis',(0.,0.,-1.));
#2386=DIRECTION('ref_axis',(-0.707106781186548,-0.707106781186547,0.));
#2387=DIRECTION('center_axis',(0.,0.,1.));
#2388=DIRECTION('ref_axis',(-0.707106781186548,-0.707106781186547,0.));
#2389=DIRECTION('',(0.,0.,1.));
#2390=DIRECTION('center_axis',(0.,0.,1.));
#2391=DIRECTION('ref_axis',(-0.707106781186548,-0.707106781186547,0.));
#2392=DIRECTION('',(0.,0.,-1.));
#2393=DIRECTION('center_axis',(-1.,0.,0.));
#2394=DIRECTION('ref_axis',(0.,1.,0.));
#2395=DIRECTION('',(0.,1.,0.));
#2396=DIRECTION('',(0.,-1.,0.));
#2397=DIRECTION('center_axis',(0.,0.,-1.));
#2398=DIRECTION('ref_axis',(0.707106781186548,-0.707106781186547,0.));
#2399=DIRECTION('center_axis',(0.,0.,1.));
#2400=DIRECTION('ref_axis',(0.707106781186548,-0.707106781186547,0.));
#2401=DIRECTION('center_axis',(0.,0.,1.));
#2402=DIRECTION('ref_axis',(0.707106781186548,-0.707106781186547,0.));
#2403=DIRECTION('',(0.,0.,-1.));
#2404=DIRECTION('center_axis',(0.,-1.,0.));
#2405=DIRECTION('ref_axis',(-1.,0.,0.));
#2406=DIRECTION('',(-1.,0.,0.));
#2407=DIRECTION('',(1.,0.,0.));
#2408=DIRECTION('center_axis',(-1.,0.,0.));
#2409=DIRECTION('ref_axis',(0.,0.656129320952739,0.754648470604756));
#2410=DIRECTION('center_axis',(-1.,0.,0.));
#2411=DIRECTION('ref_axis',(0.,0.,1.));
#2412=DIRECTION('',(-1.,0.,0.));
#2413=DIRECTION('center_axis',(1.,0.,0.));
#2414=DIRECTION('ref_axis',(0.,0.990293977151844,0.138988628372192));
#2415=DIRECTION('',(1.,0.,0.));
#2416=DIRECTION('center_axis',(0.,1.,0.));
#2417=DIRECTION('ref_axis',(0.656129320952739,0.,0.754648470604756));
#2418=DIRECTION('center_axis',(0.,1.,0.));
#2419=DIRECTION('ref_axis',(0.,0.,1.));
#2420=DIRECTION('',(0.,1.,0.));
#2421=DIRECTION('center_axis',(0.,-1.,0.));
#2422=DIRECTION('ref_axis',(0.990293977151845,0.,0.138988628372188));
#2423=DIRECTION('',(0.,-1.,0.));
#2424=DIRECTION('center_axis',(1.,0.,0.));
#2425=DIRECTION('ref_axis',(0.,5.55266773772648E-15,1.));
#2426=DIRECTION('center_axis',(-0.0363176925101445,0.0363176925101441,0.99868015421429));
#2427=DIRECTION('ref_axis',(0.70617350928135,-0.706173509281352,0.0513609733019419));
#2428=DIRECTION('center_axis',(0.,0.,-1.));
#2429=DIRECTION('ref_axis',(0.707106781186548,-0.707106781186548,0.));
#2430=DIRECTION('center_axis',(-0.0363176925101436,-0.036317692510143,0.99868015421429));
#2431=DIRECTION('ref_axis',(0.70617350928135,0.706173509281352,0.0513609733019404));
#2432=DIRECTION('center_axis',(0.,0.,-1.));
#2433=DIRECTION('ref_axis',(0.707106781186548,0.707106781186548,0.));
#2434=DIRECTION('center_axis',(1.,0.,0.));
#2435=DIRECTION('ref_axis',(0.,-0.656129320952743,0.754648470604753));
#2436=DIRECTION('center_axis',(1.,0.,0.));
#2437=DIRECTION('ref_axis',(0.,0.,1.));
#2438=DIRECTION('',(1.,0.,0.));
#2439=DIRECTION('',(-1.,0.,0.));
#2440=DIRECTION('center_axis',(0.,-1.,0.));
#2441=DIRECTION('ref_axis',(5.55266413548536E-15,0.,1.));
#2442=DIRECTION('center_axis',(0.0363177162486426,0.0363177162486421,0.998680152487755));
#2443=DIRECTION('ref_axis',(-0.706173508060507,-0.706173508060507,0.0513610068732477));
#2444=DIRECTION('center_axis',(0.,0.,-1.));
#2445=DIRECTION('ref_axis',(-0.707106781186548,-0.707106781186548,0.));
#2446=DIRECTION('center_axis',(0.,-1.,0.));
#2447=DIRECTION('ref_axis',(-0.656129320952737,0.,0.754648470604758));
#2448=DIRECTION('center_axis',(0.,-1.,0.));
#2449=DIRECTION('ref_axis',(0.,0.,1.));
#2450=DIRECTION('',(0.,-1.,0.));
#2451=DIRECTION('',(0.,1.,0.));
#2452=DIRECTION('center_axis',(0.0363176924455446,-0.0363176924455444,0.998680154218988));
#2453=DIRECTION('ref_axis',(-0.706173509284673,0.706173509284673,0.051360973210584));
#2454=DIRECTION('center_axis',(0.,0.,-1.));
#2455=DIRECTION('ref_axis',(-0.707106781186548,0.707106781186548,0.));
#2456=DIRECTION('center_axis',(-0.137665290857141,0.137665290857141,-0.980865197357128));
#2457=DIRECTION('ref_axis',(-0.693576432481106,0.693576432481106,0.194688121398206));
#2458=DIRECTION('',(-0.137665290857141,0.137665290857141,-0.980865197357128));
#2459=DIRECTION('center_axis',(0.,0.,1.));
#2460=DIRECTION('ref_axis',(-0.707106781186547,0.707106781186547,0.));
#2461=DIRECTION('',(0.137665290857141,-0.137665290857141,0.980865197357128));
#2462=DIRECTION('center_axis',(0.,-0.990293977151844,-0.138988628372189));
#2463=DIRECTION('ref_axis',(0.,0.138988628372189,-0.990293977151844));
#2464=DIRECTION('',(-0.137665290857141,-0.137665290857141,0.980865197357128));
#2465=DIRECTION('',(-1.,0.,0.));
#2466=DIRECTION('center_axis',(-0.137665290857141,-0.137665290857141,0.980865197357128));
#2467=DIRECTION('ref_axis',(0.693576432481106,0.693576432481106,0.194688121398206));
#2468=DIRECTION('',(0.137665290857141,0.137665290857141,-0.980865197357128));
#2469=DIRECTION('center_axis',(0.,0.,1.));
#2470=DIRECTION('ref_axis',(0.707106781186547,0.707106781186547,0.));
#2471=DIRECTION('center_axis',(-0.990293977151844,0.,-0.138988628372189));
#2472=DIRECTION('ref_axis',(-0.138988628372189,0.,0.990293977151844));
#2473=DIRECTION('',(-0.137665290857141,0.137665290857141,0.980865197357128));
#2474=DIRECTION('',(0.,1.,0.));
#2475=DIRECTION('center_axis',(0.,0.,-1.));
#2476=DIRECTION('ref_axis',(-1.,0.,0.));
#2477=DIRECTION('center_axis',(-0.137665290857141,0.137665290857141,0.980865197357128));
#2478=DIRECTION('ref_axis',(0.693576432481106,-0.693576432481106,0.194688121398206));
#2479=DIRECTION('',(0.137665290857141,-0.137665290857141,-0.980865197357128));
#2480=DIRECTION('center_axis',(0.,0.,1.));
#2481=DIRECTION('ref_axis',(0.707106781186547,-0.707106781186547,0.));
#2482=DIRECTION('center_axis',(0.,0.990293977151844,-0.138988628372189));
#2483=DIRECTION('ref_axis',(0.,0.138988628372189,0.990293977151844));
#2484=DIRECTION('',(0.137665290857141,0.137665290857141,0.980865197357128));
#2485=DIRECTION('',(1.,0.,0.));
#2486=DIRECTION('center_axis',(-0.137665290857141,-0.137665290857141,-0.980865197357128));
#2487=DIRECTION('ref_axis',(-0.693576432481106,-0.693576432481106,0.194688121398206));
#2488=DIRECTION('',(-0.137665290857141,-0.137665290857141,-0.980865197357128));
#2489=DIRECTION('center_axis',(0.,0.,1.));
#2490=DIRECTION('ref_axis',(-0.707106781186547,-0.707106781186547,0.));
#2491=DIRECTION('center_axis',(0.990293977151844,0.,-0.138988628372189));
#2492=DIRECTION('ref_axis',(-0.138988628372189,0.,-0.990293977151844));
#2493=DIRECTION('',(0.,-1.,0.));
#2494=DIRECTION('center_axis',(0.,0.,1.));
#2495=DIRECTION('ref_axis',(1.,0.,0.));
#2496=DIRECTION('',(0.,1.,0.));
#2497=DIRECTION('',(-1.,0.,0.));
#2498=DIRECTION('',(0.,-1.,0.));
#2499=DIRECTION('',(-1.,0.,0.));
#2500=DIRECTION('',(0.,-1.,0.));
#2501=DIRECTION('',(1.,0.,0.));
#2502=DIRECTION('',(0.,-1.,0.));
#2503=DIRECTION('',(1.,0.,0.));
#2504=DIRECTION('',(0.,1.,0.));
#2505=DIRECTION('',(1.,0.,0.));
#2506=DIRECTION('',(0.,1.,0.));
#2507=DIRECTION('',(-1.,0.,0.));
#2508=DIRECTION('center_axis',(-0.707106781186548,0.,-0.707106781186548));
#2509=DIRECTION('ref_axis',(0.,-1.,0.));
#2510=DIRECTION('',(-0.577350269189626,-0.577350269189626,0.577350269189626));
#2511=DIRECTION('',(0.,1.,0.));
#2512=DIRECTION('',(-0.577350269189626,-0.577350269189626,0.577350269189626));
#2513=DIRECTION('center_axis',(0.,-0.707106781186548,-0.707106781186548));
#2514=DIRECTION('ref_axis',(1.,0.,0.));
#2515=DIRECTION('',(-0.577350269189626,-0.577350269189626,0.577350269189626));
#2516=DIRECTION('',(-1.,0.,0.));
#2517=DIRECTION('center_axis',(0.,-0.707106781186548,-0.707106781186548));
#2518=DIRECTION('ref_axis',(1.,0.,0.));
#2519=DIRECTION('',(-1.,0.,0.));
#2520=DIRECTION('',(0.577350269189626,-0.577350269189626,0.577350269189626));
#2521=DIRECTION('center_axis',(-0.707106781186548,0.,-0.707106781186548));
#2522=DIRECTION('ref_axis',(0.,-1.,0.));
#2523=DIRECTION('',(-0.577350269189626,0.577350269189626,0.577350269189626));
#2524=DIRECTION('',(0.,1.,0.));
#2525=DIRECTION('center_axis',(0.707106781186548,0.,-0.707106781186548));
#2526=DIRECTION('ref_axis',(0.,1.,0.));
#2527=DIRECTION('',(0.,-1.,0.));
#2528=DIRECTION('',(0.577350269189626,-0.577350269189626,0.577350269189626));
#2529=DIRECTION('center_axis',(0.,0.707106781186548,-0.707106781186548));
#2530=DIRECTION('ref_axis',(-1.,0.,0.));
#2531=DIRECTION('',(-0.577350269189626,0.577350269189626,0.577350269189626));
#2532=DIRECTION('',(1.,0.,0.));
#2533=DIRECTION('center_axis',(0.,-0.707106781186548,-0.707106781186548));
#2534=DIRECTION('ref_axis',(1.,0.,0.));
#2535=DIRECTION('',(-1.,0.,0.));
#2536=DIRECTION('',(0.577350269189626,-0.577350269189626,0.577350269189626));
#2537=DIRECTION('center_axis',(-0.707106781186548,0.,-0.707106781186548));
#2538=DIRECTION('ref_axis',(0.,-1.,0.));
#2539=DIRECTION('',(-0.577350269189626,0.577350269189626,0.577350269189626));
#2540=DIRECTION('',(0.,1.,0.));
#2541=DIRECTION('center_axis',(0.707106781186548,0.,-0.707106781186548));
#2542=DIRECTION('ref_axis',(0.,1.,0.));
#2543=DIRECTION('',(0.,-1.,0.));
#2544=DIRECTION('',(0.577350269189626,0.577350269189626,0.577350269189626));
#2545=DIRECTION('center_axis',(0.,0.707106781186548,-0.707106781186548));
#2546=DIRECTION('ref_axis',(-1.,0.,0.));
#2547=DIRECTION('',(0.577350269189626,0.577350269189626,0.577350269189626));
#2548=DIRECTION('',(1.,0.,0.));
#2549=DIRECTION('center_axis',(0.,0.707106781186548,-0.707106781186548));
#2550=DIRECTION('ref_axis',(-1.,0.,0.));
#2551=DIRECTION('',(1.,0.,0.));
#2552=DIRECTION('',(0.577350269189626,0.577350269189626,0.577350269189626));
#2553=DIRECTION('center_axis',(0.707106781186548,0.,-0.707106781186548));
#2554=DIRECTION('ref_axis',(0.,1.,0.));
#2555=DIRECTION('',(0.,-1.,0.));
#2556=DIRECTION('center_axis',(1.,0.,0.));
#2557=DIRECTION('ref_axis',(0.,1.,0.));
#2558=DIRECTION('',(0.,0.,1.));
#2559=DIRECTION('',(0.,1.,0.));
#2560=DIRECTION('',(0.,0.,-1.));
#2561=DIRECTION('center_axis',(0.,1.,0.));
#2562=DIRECTION('ref_axis',(-1.,0.,0.));
#2563=DIRECTION('',(0.,0.,-1.));
#2564=DIRECTION('',(-1.,0.,0.));
#2565=DIRECTION('center_axis',(0.,1.,0.));
#2566=DIRECTION('ref_axis',(-1.,0.,0.));
#2567=DIRECTION('',(-1.,0.,0.));
#2568=DIRECTION('',(0.,0.,1.));
#2569=DIRECTION('center_axis',(1.,0.,0.));
#2570=DIRECTION('ref_axis',(0.,1.,0.));
#2571=DIRECTION('',(0.,0.,-1.));
#2572=DIRECTION('',(0.,1.,0.));
#2573=DIRECTION('center_axis',(-1.,0.,0.));
#2574=DIRECTION('ref_axis',(0.,-1.,0.));
#2575=DIRECTION('',(0.,-1.,0.));
#2576=DIRECTION('',(0.,0.,1.));
#2577=DIRECTION('center_axis',(0.,-1.,0.));
#2578=DIRECTION('ref_axis',(1.,0.,0.));
#2579=DIRECTION('',(0.,0.,1.));
#2580=DIRECTION('',(1.,0.,0.));
#2581=DIRECTION('center_axis',(0.,1.,0.));
#2582=DIRECTION('ref_axis',(-1.,0.,0.));
#2583=DIRECTION('',(-1.,0.,0.));
#2584=DIRECTION('',(0.,0.,1.));
#2585=DIRECTION('center_axis',(1.,0.,0.));
#2586=DIRECTION('ref_axis',(0.,1.,0.));
#2587=DIRECTION('',(0.,0.,-1.));
#2588=DIRECTION('',(0.,1.,0.));
#2589=DIRECTION('center_axis',(-1.,0.,0.));
#2590=DIRECTION('ref_axis',(0.,-1.,0.));
#2591=DIRECTION('',(0.,-1.,0.));
#2592=DIRECTION('',(0.,0.,1.));
#2593=DIRECTION('center_axis',(0.,-1.,0.));
#2594=DIRECTION('ref_axis',(1.,0.,0.));
#2595=DIRECTION('',(0.,0.,-1.));
#2596=DIRECTION('',(1.,0.,0.));
#2597=DIRECTION('center_axis',(0.,-1.,0.));
#2598=DIRECTION('ref_axis',(1.,0.,0.));
#2599=DIRECTION('',(1.,0.,0.));
#2600=DIRECTION('',(0.,0.,1.));
#2601=DIRECTION('center_axis',(-1.,0.,0.));
#2602=DIRECTION('ref_axis',(0.,-1.,0.));
#2603=DIRECTION('',(0.,-1.,0.));
#2604=DIRECTION('center_axis',(0.,0.,-1.));
#2605=DIRECTION('ref_axis',(-1.,0.,0.));
#2606=DIRECTION('center_axis',(1.E-15,-1.E-15,-1.));
#2607=DIRECTION('ref_axis',(-1.,0.,-1.E-15));
#2608=DIRECTION('',(1.,0.,0.));
#2609=DIRECTION('center_axis',(0.,-1.E-15,-1.));
#2610=DIRECTION('ref_axis',(0.,1.,-1.E-15));
#2611=DIRECTION('',(0.,1.,0.));
#2612=DIRECTION('center_axis',(0.,0.,-1.));
#2613=DIRECTION('ref_axis',(1.,0.,0.));
#2614=DIRECTION('',(-1.,0.,0.));
#2615=DIRECTION('center_axis',(1.E-15,0.,-1.));
#2616=DIRECTION('ref_axis',(0.,-1.,0.));
#2617=DIRECTION('',(0.,1.,0.));
#2618=DIRECTION('center_axis',(0.,0.,-1.));
#2619=DIRECTION('ref_axis',(-1.,0.,0.));
#2620=DIRECTION('',(0.0400748720577778,0.13887697597901,0.989498453850474));
#2621=DIRECTION('',(-0.138876975977135,-0.0400748723940871,0.989498453837116));
#2622=DIRECTION('center_axis',(1.E-15,-1.E-15,-1.));
#2623=DIRECTION('ref_axis',(-1.,0.,-1.E-15));
#2624=DIRECTION('center_axis',(-0.990293977151873,0.,-0.138988628371982));
#2625=DIRECTION('ref_axis',(0.,-1.,0.));
#2626=DIRECTION('',(-0.13887697597901,0.0400748720577778,0.989498453850474));
#2627=DIRECTION('',(0.,1.,0.));
#2628=DIRECTION('',(0.0400748723940871,-0.138876975977135,0.989498453837116));
#2629=DIRECTION('center_axis',(1.E-15,0.,-1.));
#2630=DIRECTION('ref_axis',(0.,-1.,0.));
#2631=DIRECTION('center_axis',(0.,-0.990293977151873,-0.138988628371982));
#2632=DIRECTION('ref_axis',(1.,0.,0.));
#2633=DIRECTION('',(-1.,0.,0.));
#2634=DIRECTION('',(-0.0400748720577778,-0.13887697597901,0.989498453850474));
#2635=DIRECTION('',(0.138876975977135,0.0400748723940871,0.989498453837116));
#2636=DIRECTION('center_axis',(0.,0.,-1.));
#2637=DIRECTION('ref_axis',(1.,0.,0.));
#2638=DIRECTION('center_axis',(0.990293977151873,0.,-0.138988628371982));
#2639=DIRECTION('ref_axis',(0.,1.,0.));
#2640=DIRECTION('',(0.,-1.,0.));
#2641=DIRECTION('',(0.13887697597901,-0.0400748720577778,0.989498453850474));
#2642=DIRECTION('',(-0.0400748723940871,0.138876975977135,0.989498453837116));
#2643=DIRECTION('center_axis',(0.,-1.E-15,-1.));
#2644=DIRECTION('ref_axis',(0.,1.,-1.E-15));
#2645=DIRECTION('center_axis',(0.,0.990293977151873,-0.138988628371982));
#2646=DIRECTION('ref_axis',(-1.,0.,0.));
#2647=DIRECTION('',(1.,0.,0.));
#2648=DIRECTION('center_axis',(0.,0.,1.));
#2649=DIRECTION('ref_axis',(1.,0.,0.));
#2650=DIRECTION('',(0.,0.,1.));
#2651=DIRECTION('',(1.,0.,0.));
#2652=DIRECTION('',(0.,0.,1.));
#2653=DIRECTION('',(1.,0.,0.));
#2654=DIRECTION('center_axis',(0.,0.,1.));
#2655=DIRECTION('ref_axis',(1.,0.,0.));
#2656=CARTESIAN_POINT('',(0.,0.,0.));
#2657=CARTESIAN_POINT('',(0.,0.,0.));
#2658=CARTESIAN_POINT('Origin',(-2.,8.41793990946804,-11.15));
#2659=CARTESIAN_POINT('',(-2.,8.41793990946695,-11.15));
#2660=CARTESIAN_POINT('',(2.,8.41793990946695,-11.15));
#2661=CARTESIAN_POINT('',(-0.999999999999999,8.41793990946804,-11.15));
#2662=CARTESIAN_POINT('',(-2.,8.41793990946695,-11.));
#2663=CARTESIAN_POINT('',(-2.,8.41793990946804,-9.387253235784));
#2664=CARTESIAN_POINT('',(2.,8.41793990946695,-11.));
#2665=CARTESIAN_POINT('',(-0.999999999999999,8.41793990946804,-11.));
#2666=CARTESIAN_POINT('',(2.,8.41793990946804,-9.387253235784));
#2667=CARTESIAN_POINT('Origin',(8.41793990946804,2.,-11.15));
#2668=CARTESIAN_POINT('',(8.41793990946695,2.,-11.15));
#2669=CARTESIAN_POINT('',(8.41793990946695,-2.,-11.15));
#2670=CARTESIAN_POINT('',(8.41793990946804,0.999999999999999,-11.15));
#2671=CARTESIAN_POINT('',(8.41793990946695,2.,-11.));
#2672=CARTESIAN_POINT('',(8.41793990946804,2.,-9.387253235784));
#2673=CARTESIAN_POINT('',(8.41793990946695,-2.,-11.));
#2674=CARTESIAN_POINT('',(8.41793990946804,0.999999999999999,-11.));
#2675=CARTESIAN_POINT('',(8.41793990946804,-2.,-9.387253235784));
#2676=CARTESIAN_POINT('Origin',(2.,-8.41793990946804,-11.15));
#2677=CARTESIAN_POINT('',(2.,-8.41793990946695,-11.15));
#2678=CARTESIAN_POINT('',(-2.,-8.41793990946695,-11.15));
#2679=CARTESIAN_POINT('',(1.,-8.41793990946804,-11.15));
#2680=CARTESIAN_POINT('',(2.,-8.41793990946695,-11.));
#2681=CARTESIAN_POINT('',(2.,-8.41793990946804,-9.387253235784));
#2682=CARTESIAN_POINT('',(-2.,-8.41793990946695,-11.));
#2683=CARTESIAN_POINT('',(1.,-8.41793990946804,-11.));
#2684=CARTESIAN_POINT('',(-2.,-8.41793990946804,-9.387253235784));
#2685=CARTESIAN_POINT('Origin',(-8.41793990946804,-2.,-11.15));
#2686=CARTESIAN_POINT('',(-8.41793990946695,-2.,-11.15));
#2687=CARTESIAN_POINT('',(-8.41793990946695,2.,-11.15));
#2688=CARTESIAN_POINT('',(-8.41793990946804,-1.,-11.15));
#2689=CARTESIAN_POINT('',(-8.41793990946695,-2.,-11.));
#2690=CARTESIAN_POINT('',(-8.41793990946804,-2.,-9.387253235784));
#2691=CARTESIAN_POINT('',(-8.41793990946695,2.,-11.));
#2692=CARTESIAN_POINT('',(-8.41793990946804,-1.,-11.));
#2693=CARTESIAN_POINT('',(-8.41793990946804,2.,-9.387253235784));
#2694=CARTESIAN_POINT('Origin',(0.,0.,0.));
#2695=CARTESIAN_POINT('',(-7.025763746377,7.5780364406,0.));
#2696=CARTESIAN_POINT('',(7.025597394564,7.5780434401,0.));
#2697=CARTESIAN_POINT('Ctrl Pts',(-7.02576374637695,7.57803644060333,1.21977104632194E-20));
#2698=CARTESIAN_POINT('Ctrl Pts',(-7.02334427488192,7.57802450852617,2.19942826313652E-16));
#2699=CARTESIAN_POINT('Ctrl Pts',(-7.02090146308185,7.57801418567407,-9.3987881057652E-16));
#2700=CARTESIAN_POINT('Ctrl Pts',(-7.01843381191746,7.57800542304392,1.86984621576135E-15));
#2701=CARTESIAN_POINT('Ctrl Pts',(-7.01593982232945,7.57799817162865,-2.28987862255409E-15));
#2702=CARTESIAN_POINT('Ctrl Pts',(-7.01341799526154,7.57799238242215,1.64994282280221E-15));
#2703=CARTESIAN_POINT('Ctrl Pts',(-7.01086683165243,7.57798800642033,-6.69985397556481E-16));
#2704=CARTESIAN_POINT('Ctrl Pts',(-7.00828483244383,7.57798499461709,1.1999852126565E-16));
#2705=CARTESIAN_POINT('Ctrl Pts',(-7.00567049857645,7.57798329800635,7.65976995553766E-24));
#2706=CARTESIAN_POINT('Ctrl Pts',(-5.429350443931,7.57772708875,7.4E-16));
#2707=CARTESIAN_POINT('Ctrl Pts',(-3.883798512768,7.577966916529,-2.62E-15));
#2708=CARTESIAN_POINT('Ctrl Pts',(-2.329094436729,7.577843484678,5.45E-15));
#2709=CARTESIAN_POINT('Ctrl Pts',(-0.779547221565,7.57785915269,-7.47E-15));
#2710=CARTESIAN_POINT('Ctrl Pts',(0.779550894794,7.577859646632,7.16E-15));
#2711=CARTESIAN_POINT('Ctrl Pts',(2.329121432387,7.577843021623,-4.84E-15));
#2712=CARTESIAN_POINT('Ctrl Pts',(3.883788474259,7.577966911874,2.1E-15));
#2713=CARTESIAN_POINT('Ctrl Pts',(5.429338598075,7.577729326575,-4.2E-16));
#2714=CARTESIAN_POINT('Ctrl Pts',(7.00523426427,7.577979449719,-1.8E-16));
#2715=CARTESIAN_POINT('Ctrl Pts',(7.007904266634,7.577981409586,1.57E-15));
#2716=CARTESIAN_POINT('Ctrl Pts',(7.010534179959,7.57798496417,-3.44E-15));
#2717=CARTESIAN_POINT('Ctrl Pts',(7.013126247181,7.577990178817,4.36E-15));
#2718=CARTESIAN_POINT('Ctrl Pts',(7.015682711238,7.577997118873,-3.62E-15));
#2719=CARTESIAN_POINT('Ctrl Pts',(7.018205815068,7.578005849683,2.E-15));
#2720=CARTESIAN_POINT('Ctrl Pts',(7.020697801606,7.578016436593,-7.2E-16));
#2721=CARTESIAN_POINT('Ctrl Pts',(7.023160913792,7.578028944951,1.8E-16));
#2722=CARTESIAN_POINT('Ctrl Pts',(7.025597394564,7.5780434401,0.));
#2723=CARTESIAN_POINT('',(-7.5780434401,7.025597394564,0.));
#2724=CARTESIAN_POINT('Ctrl Pts',(-7.57804344010037,7.02559739456396,2.80302814737388E-21));
#2725=CARTESIAN_POINT('Ctrl Pts',(-7.57829216439142,7.06740689053238,8.89987087123589E-16));
#2726=CARTESIAN_POINT('Ctrl Pts',(-7.57585096640885,7.10131547613279,-3.61996827894367E-15));
#2727=CARTESIAN_POINT('Ctrl Pts',(-7.57070356102188,7.13672901150673,8.68994539358035E-15));
#2728=CARTESIAN_POINT('Ctrl Pts',(-7.56515110766588,7.17452384818109,-1.51499297520258E-14));
#2729=CARTESIAN_POINT('Ctrl Pts',(-7.5502435491286,7.21786280403202,1.98999316101923E-14));
#2730=CARTESIAN_POINT('Ctrl Pts',(-7.53921768744055,7.24896052990298,-1.99099497655682E-14));
#2731=CARTESIAN_POINT('Ctrl Pts',(-7.51952248653746,7.2906107040853,1.51799727769091E-14));
#2732=CARTESIAN_POINT('Ctrl Pts',(-7.4994149962843,7.32402660929667,-8.5899898557597E-15));
#2733=CARTESIAN_POINT('Ctrl Pts',(-7.47524408947461,7.35846811607404,3.21999787552132E-15));
#2734=CARTESIAN_POINT('Ctrl Pts',(-7.44851438902091,7.3900746423031,-4.89999919876751E-16));
#2735=CARTESIAN_POINT('Ctrl Pts',(-7.390041874997,7.448547247237,7.E-17));
#2736=CARTESIAN_POINT('Ctrl Pts',(-7.358321223724,7.475282511474,8.E-16));
#2737=CARTESIAN_POINT('Ctrl Pts',(-7.324480103535,7.499430583671,-3.28E-15));
#2738=CARTESIAN_POINT('Ctrl Pts',(-7.288726485103,7.520113352503,7.65E-15));
#2739=CARTESIAN_POINT('Ctrl Pts',(-7.252014814337,7.537834239879,-1.193E-14));
#2740=CARTESIAN_POINT('Ctrl Pts',(-7.214290938969,7.552492716826,1.263E-14));
#2741=CARTESIAN_POINT('Ctrl Pts',(-7.175704473578,7.563375615234,-9.05E-15));
#2742=CARTESIAN_POINT('Ctrl Pts',(-7.138268873018,7.570662441206,4.08E-15));
#2743=CARTESIAN_POINT('Ctrl Pts',(-7.103755620218,7.575589334647,-8.9E-16));
#2744=CARTESIAN_POINT('Ctrl Pts',(-7.068349182029,7.578246458602,-3.E-17));
#2745=CARTESIAN_POINT('Ctrl Pts',(-7.025763746377,7.5780364406,0.));
#2746=CARTESIAN_POINT('',(-7.578036783302,-7.025755515952,0.));
#2747=CARTESIAN_POINT('Ctrl Pts',(-7.57803678330526,-7.02575551595195,-1.05352454291981E-20));
#2748=CARTESIAN_POINT('Ctrl Pts',(-7.57802485089209,-7.02333592996146,-1.89957117420479E-16));
#2749=CARTESIAN_POINT('Ctrl Pts',(-7.57801452711498,-7.02089302299686,6.79890880310124E-16));
#2750=CARTESIAN_POINT('Ctrl Pts',(-7.57800576310884,-7.0184252993568,-1.8498173706419E-15));
#2751=CARTESIAN_POINT('Ctrl Pts',(-7.57799851000558,-7.01593126334192,3.08979111979211E-15));
#2752=CARTESIAN_POINT('Ctrl Pts',(-7.57799271893709,-7.01340941925187,-3.68983388020452E-15));
#2753=CARTESIAN_POINT('Ctrl Pts',(-7.57798834103729,-7.01085827138731,3.04991459805312E-15));
#2754=CARTESIAN_POINT('Ctrl Pts',(-7.57798532743907,-7.00827632404787,-1.56997769431845E-15));
#2755=CARTESIAN_POINT('Ctrl Pts',(-7.57798362927534,-7.00566208153522,2.39999996687675E-16));
#2756=CARTESIAN_POINT('Ctrl Pts',(-7.577726704007,-5.42931668242,-8.E-17));
#2757=CARTESIAN_POINT('Ctrl Pts',(-7.577967190981,-3.88378914823,-5.1E-16));
#2758=CARTESIAN_POINT('Ctrl Pts',(-7.577843444557,-2.329081817832,1.85E-15));
#2759=CARTESIAN_POINT('Ctrl Pts',(-7.577859119661,-0.77954957016,-3.33E-15));
#2760=CARTESIAN_POINT('Ctrl Pts',(-7.577859653574,0.779551853356,3.52E-15));
#2761=CARTESIAN_POINT('Ctrl Pts',(-7.577843019697,2.329120932179,-2.15E-15));
#2762=CARTESIAN_POINT('Ctrl Pts',(-7.577966912742,3.88378856989,6.9E-16));
#2763=CARTESIAN_POINT('Ctrl Pts',(-7.577729326575,5.429338598076,6.E-17));
#2764=CARTESIAN_POINT('Ctrl Pts',(-7.577979449719,7.005234264271,-1.7E-16));
#2765=CARTESIAN_POINT('Ctrl Pts',(-7.577981409586,7.007904266634,1.5E-15));
#2766=CARTESIAN_POINT('Ctrl Pts',(-7.57798496417,7.010534179959,-3.77E-15));
#2767=CARTESIAN_POINT('Ctrl Pts',(-7.577990178817,7.013126247181,6.E-15));
#2768=CARTESIAN_POINT('Ctrl Pts',(-7.577997118873,7.015682711239,-6.47E-15));
#2769=CARTESIAN_POINT('Ctrl Pts',(-7.578005849683,7.018205815067,4.87E-15));
#2770=CARTESIAN_POINT('Ctrl Pts',(-7.578016436593,7.020697801607,-2.48E-15));
#2771=CARTESIAN_POINT('Ctrl Pts',(-7.578028944951,7.023160913792,7.4E-16));
#2772=CARTESIAN_POINT('Ctrl Pts',(-7.5780434401,7.025597394564,0.));
#2773=CARTESIAN_POINT('',(-7.025604916633,-7.57804312086,0.));
#2774=CARTESIAN_POINT('Ctrl Pts',(-7.02560491663296,-7.57804312086053,8.66108538151678E-21));
#2775=CARTESIAN_POINT('Ctrl Pts',(-7.0674078455292,-7.57829189524157,2.74995922831748E-15));
#2776=CARTESIAN_POINT('Ctrl Pts',(-7.10130536568558,-7.57585076000482,-1.14898965130681E-14));
#2777=CARTESIAN_POINT('Ctrl Pts',(-7.13671514465115,-7.57070725139214,2.86698174890165E-14));
#2778=CARTESIAN_POINT('Ctrl Pts',(-7.1745462081736,-7.56515275588984,-5.1009760053333E-14));
#2779=CARTESIAN_POINT('Ctrl Pts',(-7.21785925157167,-7.55023228454703,6.87097598184326E-14));
#2780=CARTESIAN_POINT('Ctrl Pts',(-7.24895079244422,-7.53923059678937,-7.10998179439836E-14));
#2781=CARTESIAN_POINT('Ctrl Pts',(-7.29062187749067,-7.51951372140168,5.60698983681303E-14));
#2782=CARTESIAN_POINT('Ctrl Pts',(-7.32402221494264,-7.49941788014305,-3.2669960719856E-14));
#2783=CARTESIAN_POINT('Ctrl Pts',(-7.35846932724054,-7.47524331442288,1.30599910496569E-14));
#2784=CARTESIAN_POINT('Ctrl Pts',(-7.39007483008512,-7.44851421653789,-2.56999942768964E-15));
#2785=CARTESIAN_POINT('Ctrl Pts',(-7.448547413177,-7.390041693742,1.43E-15));
#2786=CARTESIAN_POINT('Ctrl Pts',(-7.475282671535,-7.358321540346,-2.65E-15));
#2787=CARTESIAN_POINT('Ctrl Pts',(-7.49943110996,-7.324477805485,2.94E-15));
#2788=CARTESIAN_POINT('Ctrl Pts',(-7.520113026486,-7.288728093612,-2.6E-16));
#2789=CARTESIAN_POINT('Ctrl Pts',(-7.537834663267,-7.25201538942,-5.29E-15));
#2790=CARTESIAN_POINT('Ctrl Pts',(-7.55249384462,-7.214286608464,9.83E-15));
#2791=CARTESIAN_POINT('Ctrl Pts',(-7.563374580315,-7.175703705986,-9.6E-15));
#2792=CARTESIAN_POINT('Ctrl Pts',(-7.570659717565,-7.138277799487,5.76E-15));
#2793=CARTESIAN_POINT('Ctrl Pts',(-7.575589950382,-7.103762194105,-2.03E-15));
#2794=CARTESIAN_POINT('Ctrl Pts',(-7.578246821838,-7.068345931826,3.1E-16));
#2795=CARTESIAN_POINT('Ctrl Pts',(-7.578036783302,-7.025755515952,0.));
#2796=CARTESIAN_POINT('',(7.025763746378,-7.5780364406,0.));
#2797=CARTESIAN_POINT('Ctrl Pts',(7.02576374637795,-7.57803644060334,-1.05344470729201E-20));
#2798=CARTESIAN_POINT('Ctrl Pts',(7.02334427488282,-7.57802450852618,-1.89955641392775E-16));
#2799=CARTESIAN_POINT('Ctrl Pts',(7.02090146308265,-7.57801418567407,7.09907707154923E-16));
#2800=CARTESIAN_POINT('Ctrl Pts',(7.01843381191815,-7.57800542304393,-1.42987394259346E-15));
#2801=CARTESIAN_POINT('Ctrl Pts',(7.01593982233103,-7.57799817162865,1.97988047217469E-15));
#2802=CARTESIAN_POINT('Ctrl Pts',(7.013417995262,-7.57799238242215,-1.89992138211201E-15));
#2803=CARTESIAN_POINT('Ctrl Pts',(7.01086683165278,-7.57798800642033,1.28996580469862E-15));
#2804=CARTESIAN_POINT('Ctrl Pts',(7.00828483244407,-7.5779849946171,-5.59992236702183E-16));
#2805=CARTESIAN_POINT('Ctrl Pts',(7.00567049857657,-7.57798329800635,7.E-17));
#2806=CARTESIAN_POINT('Ctrl Pts',(5.429350443939,-7.57772708875,7.E-17));
#2807=CARTESIAN_POINT('Ctrl Pts',(3.883798417851,-7.577966915733,-6.2E-16));
#2808=CARTESIAN_POINT('Ctrl Pts',(2.329094932827,-7.577843486261,1.18E-15));
#2809=CARTESIAN_POINT('Ctrl Pts',(0.779546270505,-7.577859146383,-1.21E-15));
#2810=CARTESIAN_POINT('Ctrl Pts',(-0.779548590676,-7.577859678382,8.5E-16));
#2811=CARTESIAN_POINT('Ctrl Pts',(-2.329134057561,-7.577843062505,-5.1E-16));
#2812=CARTESIAN_POINT('Ctrl Pts',(-3.883798067662,-7.577966639147,2.5E-16));
#2813=CARTESIAN_POINT('Ctrl Pts',(-5.429372359358,-7.577729705463,-7.E-17));
#2814=CARTESIAN_POINT('Ctrl Pts',(-7.005242650437,-7.577979126199,-3.E-17));
#2815=CARTESIAN_POINT('Ctrl Pts',(-7.007912708278,-7.577981084774,4.4E-16));
#2816=CARTESIAN_POINT('Ctrl Pts',(-7.010542618182,-7.577984638167,-1.E-15));
#2817=CARTESIAN_POINT('Ctrl Pts',(-7.013134629176,-7.577989851935,1.19E-15));
#2818=CARTESIAN_POINT('Ctrl Pts',(-7.015690990297,-7.577996791633,-6.7E-16));
#2819=CARTESIAN_POINT('Ctrl Pts',(-7.01821395057,-7.578005522819,-1.E-16));
#2820=CARTESIAN_POINT('Ctrl Pts',(-7.020705759031,-7.578016111047,3.3E-16));
#2821=CARTESIAN_POINT('Ctrl Pts',(-7.023168664707,-7.578028621876,-1.4E-16));
#2822=CARTESIAN_POINT('Ctrl Pts',(-7.025604916633,-7.57804312086,0.));
#2823=CARTESIAN_POINT('',(7.5780434401,-7.025597394561,0.));
#2824=CARTESIAN_POINT('Ctrl Pts',(7.57804344010035,-7.02559739456096,1.1652759444602E-21));
#2825=CARTESIAN_POINT('Ctrl Pts',(7.57829216439158,-7.06740689053017,3.69993787075866E-16));
#2826=CARTESIAN_POINT('Ctrl Pts',(7.57585096640915,-7.10131547613071,-1.79998237473785E-15));
#2827=CARTESIAN_POINT('Ctrl Pts',(7.57070356102217,-7.13672901150575,5.03996319191178E-15));
#2828=CARTESIAN_POINT('Ctrl Pts',(7.56515110766656,-7.1745238481781,-1.10299402555248E-14));
#2829=CARTESIAN_POINT('Ctrl Pts',(7.55024354912802,-7.2178628040318,1.8779926870451E-14));
#2830=CARTESIAN_POINT('Ctrl Pts',(7.53921768744119,-7.24896052990062,-2.37899344204414E-14));
#2831=CARTESIAN_POINT('Ctrl Pts',(7.51952248653698,-7.29061070408443,2.20199581756589E-14));
#2832=CARTESIAN_POINT('Ctrl Pts',(7.49941499628478,-7.324026609295,-1.4499982142765E-14));
#2833=CARTESIAN_POINT('Ctrl Pts',(7.47524408947496,-7.35846811607362,6.28999565379366E-15));
#2834=CARTESIAN_POINT('Ctrl Pts',(7.4485143890211,-7.39007464230291,-1.29999970526763E-15));
#2835=CARTESIAN_POINT('Ctrl Pts',(7.390041874997,-7.448547247237,7.6E-16));
#2836=CARTESIAN_POINT('Ctrl Pts',(7.358321223724,-7.475282511474,-1.87E-15));
#2837=CARTESIAN_POINT('Ctrl Pts',(7.324480103535,-7.49943058367,4.54E-15));
#2838=CARTESIAN_POINT('Ctrl Pts',(7.288726485104,-7.520113352503,-9.66E-15));
#2839=CARTESIAN_POINT('Ctrl Pts',(7.252014814338,-7.537834239879,1.643E-14));
#2840=CARTESIAN_POINT('Ctrl Pts',(7.214290938971,-7.552492716825,-2.098E-14));
#2841=CARTESIAN_POINT('Ctrl Pts',(7.175704473579,-7.563375615234,1.939E-14));
#2842=CARTESIAN_POINT('Ctrl Pts',(7.138268873018,-7.570662441206,-1.271E-14));
#2843=CARTESIAN_POINT('Ctrl Pts',(7.103755620217,-7.575589334647,5.75E-15));
#2844=CARTESIAN_POINT('Ctrl Pts',(7.068349182029,-7.578246458602,-1.53E-15));
#2845=CARTESIAN_POINT('Ctrl Pts',(7.025763746378,-7.5780364406,0.));
#2846=CARTESIAN_POINT('',(7.57797117639527,7.02751924972691,-2.31321031747074E-17));
#2847=CARTESIAN_POINT('Ctrl Pts',(7.577971175668,7.027519249727,0.));
#2848=CARTESIAN_POINT('Ctrl Pts',(7.577947430761,7.02537647841,5.7E-16));
#2849=CARTESIAN_POINT('Ctrl Pts',(7.577926717862,7.02323755662,-2.11E-15));
#2850=CARTESIAN_POINT('Ctrl Pts',(7.577909018717,7.021102371427,4.45E-15));
#2851=CARTESIAN_POINT('Ctrl Pts',(7.577894315068,7.018970809902,-6.66E-15));
#2852=CARTESIAN_POINT('Ctrl Pts',(7.57788258866,7.016842759114,6.83E-15));
#2853=CARTESIAN_POINT('Ctrl Pts',(7.577873821238,7.014718106134,-4.77E-15));
#2854=CARTESIAN_POINT('Ctrl Pts',(7.577867994545,7.012596738032,2.14E-15));
#2855=CARTESIAN_POINT('Ctrl Pts',(7.577865090327,7.010478541876,-4.9E-16));
#2856=CARTESIAN_POINT('Ctrl Pts',(7.577865090327,7.008363404739,0.));
#2857=CARTESIAN_POINT('Ctrl Pts',(7.577865090327,5.450949314797,2.5E-16));
#2858=CARTESIAN_POINT('Ctrl Pts',(7.577865480987,3.893577493391,-9.3E-16));
#2859=CARTESIAN_POINT('Ctrl Pts',(7.57786357439,2.335889868373,1.97E-15));
#2860=CARTESIAN_POINT('Ctrl Pts',(7.577866826254,0.779132902024,-2.98E-15));
#2861=CARTESIAN_POINT('Ctrl Pts',(7.577869467894,-0.779459944489,3.21E-15));
#2862=CARTESIAN_POINT('Ctrl Pts',(7.577837534127,-2.329274191916,-2.26E-15));
#2863=CARTESIAN_POINT('Ctrl Pts',(7.577967777403,-3.883756684359,9.E-16));
#2864=CARTESIAN_POINT('Ctrl Pts',(7.577729326575,-5.429338598076,3.E-17));
#2865=CARTESIAN_POINT('Ctrl Pts',(7.577979449719,-7.005234264271,-2.5E-16));
#2866=CARTESIAN_POINT('Ctrl Pts',(7.577981409586,-7.007904266635,2.51E-15));
#2867=CARTESIAN_POINT('Ctrl Pts',(7.57798496417,-7.010534179958,-5.94E-15));
#2868=CARTESIAN_POINT('Ctrl Pts',(7.577990178817,-7.013126247182,8.87E-15));
#2869=CARTESIAN_POINT('Ctrl Pts',(7.577997118873,-7.015682711237,-9.53E-15));
#2870=CARTESIAN_POINT('Ctrl Pts',(7.578005849683,-7.018205815068,7.3E-15));
#2871=CARTESIAN_POINT('Ctrl Pts',(7.578016436593,-7.020697801606,-3.76E-15));
#2872=CARTESIAN_POINT('Ctrl Pts',(7.578028944951,-7.023160913792,1.1E-15));
#2873=CARTESIAN_POINT('Ctrl Pts',(7.5780434401,-7.025597394561,0.));
#2874=CARTESIAN_POINT('Ctrl Pts',(7.02559739456396,7.57804344010038,-8.18866195507649E-22));
#2875=CARTESIAN_POINT('Ctrl Pts',(7.06740689053312,7.57829216439137,-2.59994846269129E-16));
#2876=CARTESIAN_POINT('Ctrl Pts',(7.10131547613348,7.57585096640875,1.53998304419036E-15));
#2877=CARTESIAN_POINT('Ctrl Pts',(7.13672901150838,7.57070356102179,-5.03996335112766E-15));
#2878=CARTESIAN_POINT('Ctrl Pts',(7.17452384818075,7.56515110766465,1.09599444425564E-14));
#2879=CARTESIAN_POINT('Ctrl Pts',(7.21786280403143,7.55024354912945,-1.67599394433828E-14));
#2880=CARTESIAN_POINT('Ctrl Pts',(7.24896052990543,7.53921768743833,1.84899528717568E-14));
#2881=CARTESIAN_POINT('Ctrl Pts',(7.29061070408459,7.51952248653728,-1.44299746549607E-14));
#2882=CARTESIAN_POINT('Ctrl Pts',(7.3240266092959,7.49941499628415,7.69999127296647E-15));
#2883=CARTESIAN_POINT('Ctrl Pts',(7.35846811607417,7.4752440894745,-2.45999860848447E-15));
#2884=CARTESIAN_POINT('Ctrl Pts',(7.39007464230316,7.44851438902185,-2.99998381546689E-17));
#2885=CARTESIAN_POINT('Ctrl Pts',(7.44848696560482,7.39010215653517,1.0999998738656E-15));
#2886=CARTESIAN_POINT('Ctrl Pts',(7.47521264665466,7.35845090633159,-7.69999606904831E-15));
#2887=CARTESIAN_POINT('Ctrl Pts',(7.49915195932349,7.32466675607303,2.16099803608794E-14));
#2888=CARTESIAN_POINT('Ctrl Pts',(7.52005428950989,7.28913212919358,-4.07299443055826E-14));
#2889=CARTESIAN_POINT('Ctrl Pts',(7.53775141776077,7.25227235956007,5.68698910054973E-14));
#2890=CARTESIAN_POINT('Ctrl Pts',(7.55216456858497,7.21453859835693,-6.03998428469475E-14));
#2891=CARTESIAN_POINT('Ctrl Pts',(7.56330483294079,7.17638746215929,4.87198293969137E-14));
#2892=CARTESIAN_POINT('Ctrl Pts',(7.57126696390429,7.13825742217363,-2.93098605765357E-14));
#2893=CARTESIAN_POINT('Ctrl Pts',(7.57621654549862,7.10054193466765,1.23099163379389E-14));
#2894=CARTESIAN_POINT('Ctrl Pts',(7.57837053470408,7.06355931257354,-2.99996580531105E-15));
#2895=CARTESIAN_POINT('Ctrl Pts',(7.57797117730416,7.02751924970887,-7.37048505004506E-21));
#2896=CARTESIAN_POINT('Ctrl Pts',(7.577971175668,7.027519249727,0.));
#2897=CARTESIAN_POINT('Ctrl Pts',(7.577947430761,7.02537647841,5.7E-16));
#2898=CARTESIAN_POINT('Ctrl Pts',(7.577926717862,7.02323755662,-2.11E-15));
#2899=CARTESIAN_POINT('Ctrl Pts',(7.577909018717,7.021102371427,4.45E-15));
#2900=CARTESIAN_POINT('Ctrl Pts',(7.577894315068,7.018970809902,-6.66E-15));
#2901=CARTESIAN_POINT('Ctrl Pts',(7.57788258866,7.016842759114,6.83E-15));
#2902=CARTESIAN_POINT('Ctrl Pts',(7.577873821238,7.014718106134,-4.77E-15));
#2903=CARTESIAN_POINT('Ctrl Pts',(7.577867994545,7.012596738032,2.14E-15));
#2904=CARTESIAN_POINT('Ctrl Pts',(7.577865090327,7.010478541876,-4.9E-16));
#2905=CARTESIAN_POINT('Ctrl Pts',(7.577865090327,7.008363404739,0.));
#2906=CARTESIAN_POINT('Ctrl Pts',(7.577865090327,5.450949314797,2.5E-16));
#2907=CARTESIAN_POINT('Ctrl Pts',(7.577865480987,3.893577493391,-9.3E-16));
#2908=CARTESIAN_POINT('Ctrl Pts',(7.57786357439,2.335889868373,1.97E-15));
#2909=CARTESIAN_POINT('Ctrl Pts',(7.577866826254,0.779132902024,-2.98E-15));
#2910=CARTESIAN_POINT('Ctrl Pts',(7.577869467894,-0.779459944489,3.21E-15));
#2911=CARTESIAN_POINT('Ctrl Pts',(7.577837534127,-2.329274191916,-2.26E-15));
#2912=CARTESIAN_POINT('Ctrl Pts',(7.577967777403,-3.883756684359,9.E-16));
#2913=CARTESIAN_POINT('Ctrl Pts',(7.577729326575,-5.429338598076,3.E-17));
#2914=CARTESIAN_POINT('Ctrl Pts',(7.577979449719,-7.005234264271,-2.5E-16));
#2915=CARTESIAN_POINT('Ctrl Pts',(7.577981409586,-7.007904266635,2.51E-15));
#2916=CARTESIAN_POINT('Ctrl Pts',(7.57798496417,-7.010534179958,-5.94E-15));
#2917=CARTESIAN_POINT('Ctrl Pts',(7.577990178817,-7.013126247182,8.87E-15));
#2918=CARTESIAN_POINT('Ctrl Pts',(7.577997118873,-7.015682711237,-9.53E-15));
#2919=CARTESIAN_POINT('Ctrl Pts',(7.578005849683,-7.018205815068,7.3E-15));
#2920=CARTESIAN_POINT('Ctrl Pts',(7.578016436593,-7.020697801606,-3.76E-15));
#2921=CARTESIAN_POINT('Ctrl Pts',(7.578028944951,-7.023160913792,1.1E-15));
#2922=CARTESIAN_POINT('Ctrl Pts',(7.5780434401,-7.025597394561,0.));
#2923=CARTESIAN_POINT('Ctrl Pts',(7.75,7.033156145859,-2.9E-16));
#2924=CARTESIAN_POINT('Ctrl Pts',(7.75,7.030382771221,-7.5E-16));
#2925=CARTESIAN_POINT('Ctrl Pts',(7.75,7.027614266547,1.42E-15));
#2926=CARTESIAN_POINT('Ctrl Pts',(7.75,7.024850540459,-3.32E-15));
#2927=CARTESIAN_POINT('Ctrl Pts',(7.75,7.022091501481,3.76E-15));
#2928=CARTESIAN_POINT('Ctrl Pts',(7.75,7.019337058037,-2.91E-15));
#2929=CARTESIAN_POINT('Ctrl Pts',(7.75,7.016587118456,1.69E-15));
#2930=CARTESIAN_POINT('Ctrl Pts',(7.75,7.01384159097,-4.7E-16));
#2931=CARTESIAN_POINT('Ctrl Pts',(7.75,7.011100383716,4.E-16));
#2932=CARTESIAN_POINT('Ctrl Pts',(7.75,7.008363404739,2.5E-16));
#2933=CARTESIAN_POINT('Ctrl Pts',(7.75,5.450949314797,4.6E-16));
#2934=CARTESIAN_POINT('Ctrl Pts',(7.75,3.893581631381,-1.44E-15));
#2935=CARTESIAN_POINT('Ctrl Pts',(7.75,2.335864964361,1.78E-15));
#2936=CARTESIAN_POINT('Ctrl Pts',(7.75,0.779444630558,-2.11E-15));
#2937=CARTESIAN_POINT('Ctrl Pts',(7.75,-0.778724991326,8.5E-16));
#2938=CARTESIAN_POINT('Ctrl Pts',(7.75,-2.327202932722,3.2E-16));
#2939=CARTESIAN_POINT('Ctrl Pts',(7.75,-3.881631836146,3.2E-16));
#2940=CARTESIAN_POINT('Ctrl Pts',(7.75,-5.428655205498,2.2E-16));
#2941=CARTESIAN_POINT('Ctrl Pts',(7.75,-7.011086770119,-1.8E-16));
#2942=CARTESIAN_POINT('Ctrl Pts',(7.75,-7.013810288359,1.78E-15));
#2943=CARTESIAN_POINT('Ctrl Pts',(7.75,-7.016534269216,-4.3E-15));
#2944=CARTESIAN_POINT('Ctrl Pts',(7.75,-7.019259022213,6.49E-15));
#2945=CARTESIAN_POINT('Ctrl Pts',(7.75,-7.021984856642,-7.05E-15));
#2946=CARTESIAN_POINT('Ctrl Pts',(7.75,-7.024712081552,5.08E-15));
#2947=CARTESIAN_POINT('Ctrl Pts',(7.75,-7.027441005765,-3.01E-15));
#2948=CARTESIAN_POINT('Ctrl Pts',(7.75,-7.03017193785,5.8E-16));
#2949=CARTESIAN_POINT('Ctrl Pts',(7.75,-7.032905186143,-2.4E-16));
#2950=CARTESIAN_POINT('Ctrl Pts',(7.775632495061,7.033996049944,-0.170199767207));
#2951=CARTESIAN_POINT('Ctrl Pts',(7.77563302223,7.03112864029,-0.170203267608));
#2952=CARTESIAN_POINT('Ctrl Pts',(7.775633481981,7.02826627808,-0.170206320357));
#2953=CARTESIAN_POINT('Ctrl Pts',(7.77563387475,7.025408872049,-0.170208928339));
#2954=CARTESIAN_POINT('Ctrl Pts',(7.77563420097,7.022556330931,-0.170211094441));
#2955=CARTESIAN_POINT('Ctrl Pts',(7.775634461077,7.019708563459,-0.17021282155));
#2956=CARTESIAN_POINT('Ctrl Pts',(7.775634655505,7.01686547837,-0.170214112552));
#2957=CARTESIAN_POINT('Ctrl Pts',(7.775634784689,7.014026984397,-0.170214970333));
#2958=CARTESIAN_POINT('Ctrl Pts',(7.775634849063,7.011192990275,-0.170215397781));
#2959=CARTESIAN_POINT('Ctrl Pts',(7.775634849063,7.008363404739,-0.170215397781));
#2960=CARTESIAN_POINT('Ctrl Pts',(7.775634849063,5.450949314797,-0.170215397781));
#2961=CARTESIAN_POINT('Ctrl Pts',(7.775634841601,3.893576180871,-0.170215348233));
#2962=CARTESIAN_POINT('Ctrl Pts',(7.775634876942,2.335896669421,-0.170215582892));
#2963=CARTESIAN_POINT('Ctrl Pts',(7.7756348239,0.779384840035,-0.170215230696));
#2964=CARTESIAN_POINT('Ctrl Pts',(7.775634732991,-0.778401174166,-0.170214627058));
#2965=CARTESIAN_POINT('Ctrl Pts',(7.775635478033,-2.327219798256,-0.170219574136));
#2966=CARTESIAN_POINT('Ctrl Pts',(7.775632560375,-3.881010676136,-0.170200200891));
#2967=CARTESIAN_POINT('Ctrl Pts',(7.77563786486,-5.428697679773,-0.170235422673));
#2968=CARTESIAN_POINT('Ctrl Pts',(7.775632311359,-7.011958836425,-0.170198547422));
#2969=CARTESIAN_POINT('Ctrl Pts',(7.775632267857,-7.014690340519,-0.17019825857));
#2970=CARTESIAN_POINT('Ctrl Pts',(7.77563218895,-7.017428358524,-0.170197734626));
#2971=CARTESIAN_POINT('Ctrl Pts',(7.775632073175,-7.020172911624,-0.170196965883));
#2972=CARTESIAN_POINT('Ctrl Pts',(7.775631919071,-7.022924021001,-0.170195942631));
#2973=CARTESIAN_POINT('Ctrl Pts',(7.775631725175,-7.025681707843,-0.170194655165));
#2974=CARTESIAN_POINT('Ctrl Pts',(7.775631490026,-7.028445993331,-0.170193093775));
#2975=CARTESIAN_POINT('Ctrl Pts',(7.775631212162,-7.03121689865,-0.170191248755));
#2976=CARTESIAN_POINT('Ctrl Pts',(7.77563089012,-7.033994444984,-0.170189110395));
#2977=CARTESIAN_POINT('',(7.77563249693831,7.03399600156744,-0.170199779669678));
#2978=CARTESIAN_POINT('Origin',(7.57797117566781,7.02751924972721,-0.199999999999479));
#2979=CARTESIAN_POINT('',(7.77563089073258,-7.03399437155337,-0.170189114464077));
#2980=CARTESIAN_POINT('Origin',(7.57804344010025,-7.02559739456156,-0.200000000000427));
#2981=CARTESIAN_POINT('Ctrl Pts',(7.77563249506989,7.03399600155195,-0.170199767266075));
#2982=CARTESIAN_POINT('Ctrl Pts',(7.77563302223689,7.03112859735057,-0.170203267653795));
#2983=CARTESIAN_POINT('Ctrl Pts',(7.77563348198616,7.02826624057306,-0.170206320391233));
#2984=CARTESIAN_POINT('Ctrl Pts',(7.77563387475367,7.02540883995492,-0.170208928363371));
#2985=CARTESIAN_POINT('Ctrl Pts',(7.77563420097244,7.02255630423069,-0.170211094457193));
#2986=CARTESIAN_POINT('Ctrl Pts',(7.77563446107846,7.01970854213388,-0.170212821559683));
#2987=CARTESIAN_POINT('Ctrl Pts',(7.77563465550572,7.01686546240198,-0.170214112556825));
#2988=CARTESIAN_POINT('Ctrl Pts',(7.77563478468924,7.01402697376853,-0.170214970334603));
#2989=CARTESIAN_POINT('Ctrl Pts',(7.775634849063,7.01119298496903,-0.170215397781));
#2990=CARTESIAN_POINT('Ctrl Pts',(7.775634849063,7.008363404739,-0.170215397781));
#2991=CARTESIAN_POINT('Ctrl Pts',(7.775634849063,5.450949314797,-0.170215397781));
#2992=CARTESIAN_POINT('Ctrl Pts',(7.775634841601,3.893576180871,-0.170215348233));
#2993=CARTESIAN_POINT('Ctrl Pts',(7.775634876942,2.335896669421,-0.170215582892));
#2994=CARTESIAN_POINT('Ctrl Pts',(7.7756348239,0.779384840035,-0.170215230696));
#2995=CARTESIAN_POINT('Ctrl Pts',(7.775634732991,-0.778401174166,-0.170214627058));
#2996=CARTESIAN_POINT('Ctrl Pts',(7.775635478033,-2.327219798256,-0.170219574136));
#2997=CARTESIAN_POINT('Ctrl Pts',(7.775632560375,-3.881010676136,-0.170200200891));
#2998=CARTESIAN_POINT('Ctrl Pts',(7.77563786486,-5.428697679773,-0.170235422673));
#2999=CARTESIAN_POINT('Ctrl Pts',(7.77563231135903,-7.01195882842002,-0.170198547422186));
#3000=CARTESIAN_POINT('Ctrl Pts',(7.77563226785726,-7.01469032447089,-0.170198258571697));
#3001=CARTESIAN_POINT('Ctrl Pts',(7.77563218895069,-7.01742833439443,-0.170197734630617));
#3002=CARTESIAN_POINT('Ctrl Pts',(7.77563207317636,-7.02017287937445,-0.170196965892033));
#3003=CARTESIAN_POINT('Ctrl Pts',(7.77563191907327,-7.02292398059276,-0.170195942646029));
#3004=CARTESIAN_POINT('Ctrl Pts',(7.77563172517842,-7.02568165923718,-0.170194655187692));
#3005=CARTESIAN_POINT('Ctrl Pts',(7.77563149003083,-7.02844593648852,-0.170193093807107));
#3006=CARTESIAN_POINT('Ctrl Pts',(7.77563121216853,-7.03121683353159,-0.170191248798359));
#3007=CARTESIAN_POINT('Ctrl Pts',(7.77563089012851,-7.03399437155022,-0.170189110451535));
#3008=CARTESIAN_POINT('Ctrl Pts',(7.02406833287641,7.57803274759425,1.07865482540795E-17));
#3009=CARTESIAN_POINT('Ctrl Pts',(7.06628382025472,7.57837172345759,-3.23930180188324E-16));
#3010=CARTESIAN_POINT('Ctrl Pts',(7.10026008860657,7.57600437137307,1.74538460771134E-15));
#3011=CARTESIAN_POINT('Ctrl Pts',(7.13572866531926,7.5708478737006,-5.47784887439785E-15));
#3012=CARTESIAN_POINT('Ctrl Pts',(7.17351554676321,7.56549786924501,1.16177292454084E-14));
#3013=CARTESIAN_POINT('Ctrl Pts',(7.21724616528109,7.55046136852989,-1.74722200300849E-14));
#3014=CARTESIAN_POINT('Ctrl Pts',(7.24826942962855,7.53954401615588,1.90415534789048E-14));
#3015=CARTESIAN_POINT('Ctrl Pts',(7.29016777951984,7.51978878235227,-1.47254849414007E-14));
#3016=CARTESIAN_POINT('Ctrl Pts',(7.32368407406481,7.49965523619661,7.80142446839733E-15));
#3017=CARTESIAN_POINT('Ctrl Pts',(7.35825858691222,7.47542123917072,-2.47612626752681E-15));
#3018=CARTESIAN_POINT('Ctrl Pts',(7.38997780164555,7.44861122952891,-3.1873242733995E-17));
#3019=CARTESIAN_POINT('Ctrl Pts',(7.44858380462626,7.39000531766429,1.10187324696411E-15));
#3020=CARTESIAN_POINT('Ctrl Pts',(7.475389930089,7.35824089018204,-7.75848237935609E-15));
#3021=CARTESIAN_POINT('Ctrl Pts',(7.49939010410742,7.32433047605603,2.19029241800431E-14));
#3022=CARTESIAN_POINT('Ctrl Pts',(7.52033144049345,7.28866050723584,-4.15631984149113E-14));
#3023=CARTESIAN_POINT('Ctrl Pts',(7.53804459242006,7.25166085181516,5.85063894949271E-14));
#3024=CARTESIAN_POINT('Ctrl Pts',(7.55245089708449,7.21378742452951,-6.27696497388618E-14));
#3025=CARTESIAN_POINT('Ctrl Pts',(7.56356276055025,7.1755014730406,5.13065387962285E-14));
#3026=CARTESIAN_POINT('Ctrl Pts',(7.57147728277531,7.13724553998591,-3.1439117147329E-14));
#3027=CARTESIAN_POINT('Ctrl Pts',(7.57636312280563,7.0994161008161,1.36008288679158E-14));
#3028=CARTESIAN_POINT('Ctrl Pts',(7.57844060415494,7.0623328774036,-3.53680654931861E-15));
#3029=CARTESIAN_POINT('Ctrl Pts',(7.57795506104993,7.02620473558127,1.21004654719013E-16));
#3030=CARTESIAN_POINT('Ctrl Pts',(7.03121357417934,7.75043110273586,4.81401451672053E-16));
#3031=CARTESIAN_POINT('Ctrl Pts',(7.07801652094724,7.74898264778858,-1.12360749350371E-16));
#3032=CARTESIAN_POINT('Ctrl Pts',(7.12528720182704,7.74429707687505,-3.81323889240807E-15));
#3033=CARTESIAN_POINT('Ctrl Pts',(7.17357176175597,7.73621827039522,6.80513207907235E-15));
#3034=CARTESIAN_POINT('Ctrl Pts',(7.22239444005612,7.72457009019362,1.23631740980935E-14));
#3035=CARTESIAN_POINT('Ctrl Pts',(7.2719046217688,7.70851878049407,-6.39799044228759E-14));
#3036=CARTESIAN_POINT('Ctrl Pts',(7.3191914313751,7.6891704240007,1.03284362616061E-13));
#3037=CARTESIAN_POINT('Ctrl Pts',(7.36714979749148,7.66519522313261,-8.94559066912922E-14));
#3038=CARTESIAN_POINT('Ctrl Pts',(7.41227224399558,7.63767424271587,4.29248184564655E-14));
#3039=CARTESIAN_POINT('Ctrl Pts',(7.45571865667156,7.60632270022096,-1.01705262800062E-14));
#3040=CARTESIAN_POINT('Ctrl Pts',(7.49637475054969,7.57164859610157,8.50931058021165E-16));
#3041=CARTESIAN_POINT('Ctrl Pts',(7.57161315609704,7.49641033318036,-6.276447212281E-16));
#3042=CARTESIAN_POINT('Ctrl Pts',(7.60626316943855,7.45578291087084,3.15258492419129E-15));
#3043=CARTESIAN_POINT('Ctrl Pts',(7.6375581937008,7.41249677310445,-9.83408699602478E-15));
#3044=CARTESIAN_POINT('Ctrl Pts',(7.66517685370208,7.36702412055962,1.63815741587502E-14));
#3045=CARTESIAN_POINT('Ctrl Pts',(7.68889893053688,7.3198974637046,-2.14927657459404E-14));
#3046=CARTESIAN_POINT('Ctrl Pts',(7.70861572213075,7.27167150496894,2.4112446324367E-14));
#3047=CARTESIAN_POINT('Ctrl Pts',(7.72433116591504,7.22289124337529,-1.82935870271412E-14));
#3048=CARTESIAN_POINT('Ctrl Pts',(7.73615333968699,7.1740657611808,1.08481114066802E-14));
#3049=CARTESIAN_POINT('Ctrl Pts',(7.74427574717926,7.12564735070557,-4.81228620146192E-15));
#3050=CARTESIAN_POINT('Ctrl Pts',(7.74894764913172,7.07801584205418,1.19230711004492E-15));
#3051=CARTESIAN_POINT('Ctrl Pts',(7.75043262782367,7.03146818040448,5.41964012111091E-17));
#3052=CARTESIAN_POINT('Ctrl Pts',(7.03226097927533,7.77570256468641,-0.170682476876783));
#3053=CARTESIAN_POINT('Ctrl Pts',(7.08001279049851,7.77554481908674,-0.168873671305317));
#3054=CARTESIAN_POINT('Ctrl Pts',(7.12957374643836,7.77203466732718,-0.167029744451922));
#3055=CARTESIAN_POINT('Ctrl Pts',(7.1803176559548,7.7648147287373,-0.165405485971064));
#3056=CARTESIAN_POINT('Ctrl Pts',(7.23168013281415,7.75337344413898,-0.163735057174161));
#3057=CARTESIAN_POINT('Ctrl Pts',(7.28233172403049,7.73801800185173,-0.162516037436602));
#3058=CARTESIAN_POINT('Ctrl Pts',(7.33320677181714,7.71817139534691,-0.161173383787906));
#3059=CARTESIAN_POINT('Ctrl Pts',(7.38258797437144,7.69395975061876,-0.160281803880267));
#3060=CARTESIAN_POINT('Ctrl Pts',(7.43029260240821,7.66557795680273,-0.159493414904224));
#3061=CARTESIAN_POINT('Ctrl Pts',(7.47572678296936,7.63313121202583,-0.158999305035042));
#3062=CARTESIAN_POINT('Ctrl Pts',(7.51832141300368,7.59702770276129,-0.158745692408958));
#3063=CARTESIAN_POINT('Ctrl Pts',(7.59699061377888,7.51835866264092,-0.158745685954522));
#3064=CARTESIAN_POINT('Ctrl Pts',(7.63306811147875,7.47580698044671,-0.158997181828645));
#3065=CARTESIAN_POINT('Ctrl Pts',(7.66547778055128,7.43043106449055,-0.159500979178839));
#3066=CARTESIAN_POINT('Ctrl Pts',(7.6938809567954,7.3827501915701,-0.16025004628345));
#3067=CARTESIAN_POINT('Ctrl Pts',(7.71804926731074,7.33334515907281,-0.161230663590139));
#3068=CARTESIAN_POINT('Ctrl Pts',(7.73787481979819,7.2828180930343,-0.162423658102788));
#3069=CARTESIAN_POINT('Ctrl Pts',(7.75337040063145,7.23175884544398,-0.163805725812116));
#3070=CARTESIAN_POINT('Ctrl Pts',(7.76465968279793,7.18071798222889,-0.165350842060012));
#3071=CARTESIAN_POINT('Ctrl Pts',(7.77195744532934,7.13018636280889,-0.167031759753926));
#3072=CARTESIAN_POINT('Ctrl Pts',(7.77553980617614,7.08058131148182,-0.168821595337569));
#3073=CARTESIAN_POINT('Ctrl Pts',(7.77570447416061,7.03223922702878,-0.170695526161922));
#3074=CARTESIAN_POINT('',(7.03399439602129,7.77563089077592,-0.170189114749803));
#3075=CARTESIAN_POINT('Origin',(7.02559739456374,7.57804344010026,-0.200000000000315));
#3076=CARTESIAN_POINT('Ctrl Pts',(7.0339944447695,7.77563088928476,-0.170189104845486));
#3077=CARTESIAN_POINT('Ctrl Pts',(7.05976630280505,7.77548418696541,-0.169215035667593));
#3078=CARTESIAN_POINT('Ctrl Pts',(7.08613158926042,7.7740054299831,-0.168244579805806));
#3079=CARTESIAN_POINT('Ctrl Pts',(7.11285874247149,7.77102818724467,-0.16730665315038));
#3080=CARTESIAN_POINT('Ctrl Pts',(7.13888161032953,7.76812939762232,-0.166393441734936));
#3081=CARTESIAN_POINT('Ctrl Pts',(7.16524692696697,7.76380970857926,-0.165511209983574));
#3082=CARTESIAN_POINT('Ctrl Pts',(7.191711963391,7.75795733310238,-0.164684714463853));
#3083=CARTESIAN_POINT('Ctrl Pts',(7.21925137818232,7.75186737376169,-0.163824666414946));
#3084=CARTESIAN_POINT('Ctrl Pts',(7.24689823711955,7.74411694604575,-0.163025175141671));
#3085=CARTESIAN_POINT('Ctrl Pts',(7.27435540522296,7.7346355692859,-0.162309339222943));
#3086=CARTESIAN_POINT('Ctrl Pts',(7.3003391727532,7.72566298010019,-0.16163191633534));
#3087=CARTESIAN_POINT('Ctrl Pts',(7.32615224465133,7.71514047522016,-0.16102949745564));
#3088=CARTESIAN_POINT('Ctrl Pts',(7.35153261288334,7.70305965570348,-0.160515461784892));
#3089=CARTESIAN_POINT('Ctrl Pts',(7.35297179790747,7.70237461700078,-0.160486313569529));
#3090=CARTESIAN_POINT('Ctrl Pts',(7.35440959064199,7.70168458145047,-0.160457447612598));
#3091=CARTESIAN_POINT('Ctrl Pts',(7.35584594308876,7.70098955251113,-0.160428865636116));
#3092=CARTESIAN_POINT('Ctrl Pts',(7.37940600025145,7.68958920186784,-0.159960044072695));
#3093=CARTESIAN_POINT('Ctrl Pts',(7.40256504709859,7.67684746943629,-0.159569347027741));
#3094=CARTESIAN_POINT('Ctrl Pts',(7.42509062102153,7.66282348791503,-0.159260875706387));
#3095=CARTESIAN_POINT('Ctrl Pts',(7.44756133489897,7.64883366118454,-0.158953155653382));
#3096=CARTESIAN_POINT('Ctrl Pts',(7.4694009604068,7.63356808098381,-0.158727327528825));
#3097=CARTESIAN_POINT('Ctrl Pts',(7.49039681479913,7.6171329866351,-0.158577579640411));
#3098=CARTESIAN_POINT('Ctrl Pts',(7.51136985340736,7.60071575198181,-0.158427994480097));
#3099=CARTESIAN_POINT('Ctrl Pts',(7.53150032657166,7.58313195728549,-0.158354356440757));
#3100=CARTESIAN_POINT('Ctrl Pts',(7.55060427936162,7.5645299558183,-0.158340256019063));
#3101=CARTESIAN_POINT('Ctrl Pts',(7.55295611368589,7.56223991532083,-0.158338520155491));
#3102=CARTESIAN_POINT('Ctrl Pts',(7.55529243230416,7.5599344914357,-0.158337673123457));
#3103=CARTESIAN_POINT('Ctrl Pts',(7.55761292830826,7.55761400016954,-0.158337672933377));
#3104=CARTESIAN_POINT('Ctrl Pts',(7.57753997105183,7.5376869981126,-0.158337671301084));
#3105=CARTESIAN_POINT('Ctrl Pts',(7.59631451821814,7.51662904926765,-0.158402280507279));
#3106=CARTESIAN_POINT('Ctrl Pts',(7.61378617217258,7.49464070214466,-0.158549001175292));
#3107=CARTESIAN_POINT('Ctrl Pts',(7.63127970123852,7.47262482485501,-0.158695905542625));
#3108=CARTESIAN_POINT('Ctrl Pts',(7.64746668632697,7.44967686210047,-0.158925088278318));
#3109=CARTESIAN_POINT('Ctrl Pts',(7.6622399731365,7.42602453341182,-0.159243539655583));
#3110=CARTESIAN_POINT('Ctrl Pts',(7.67708678880698,7.40225448354103,-0.159563576013045));
#3111=CARTESIAN_POINT('Ctrl Pts',(7.69050554420004,7.37777374479028,-0.159973703852836));
#3112=CARTESIAN_POINT('Ctrl Pts',(7.70243658993039,7.35282992896402,-0.160471140632379));
#3113=CARTESIAN_POINT('Ctrl Pts',(7.71440545550845,7.32780704451819,-0.16097015422117));
#3114=CARTESIAN_POINT('Ctrl Pts',(7.72487710248768,7.30231888071543,-0.161556929356669));
#3115=CARTESIAN_POINT('Ctrl Pts',(7.73384299363658,7.27662101215009,-0.162220030170846));
#3116=CARTESIAN_POINT('Ctrl Pts',(7.74288433547238,7.25070688824518,-0.162888711179014));
#3117=CARTESIAN_POINT('Ctrl Pts',(7.75039454721654,7.22458024590899,-0.163634886523853));
#3118=CARTESIAN_POINT('Ctrl Pts',(7.75641732404437,7.19849770313083,-0.164439752913686));
#3119=CARTESIAN_POINT('Ctrl Pts',(7.76056130926031,7.18055155059084,-0.164993543053286));
#3120=CARTESIAN_POINT('Ctrl Pts',(7.76400223584521,7.16262615111998,-0.16557496901484));
#3121=CARTESIAN_POINT('Ctrl Pts',(7.76676798063291,7.14480099266511,-0.166176468816078));
#3122=CARTESIAN_POINT('Ctrl Pts',(7.77114667554472,7.11658040956009,-0.167128756290632));
#3123=CARTESIAN_POINT('Ctrl Pts',(7.7738362864197,7.08858743713082,-0.168134429743469));
#3124=CARTESIAN_POINT('Ctrl Pts',(7.77498782999512,7.06106389945203,-0.16916848266588));
#3125=CARTESIAN_POINT('Ctrl Pts',(7.7753675551382,7.05198792568395,-0.169509464893824));
#3126=CARTESIAN_POINT('Ctrl Pts',(7.77558034896199,7.04296271081945,-0.16985352886113));
#3127=CARTESIAN_POINT('Ctrl Pts',(7.77563249678976,7.03399605039699,-0.170199778677465));
#3128=CARTESIAN_POINT('Ctrl Pts',(7.578043439317,-7.025597262885,0.));
#3129=CARTESIAN_POINT('Ctrl Pts',(7.578292171381,-7.067406793446,3.7E-16));
#3130=CARTESIAN_POINT('Ctrl Pts',(7.575850979673,-7.101315384877,-1.8E-15));
#3131=CARTESIAN_POINT('Ctrl Pts',(7.57070357374,-7.136728924937,5.04E-15));
#3132=CARTESIAN_POINT('Ctrl Pts',(7.565151137544,-7.174523761319,-1.103E-14));
#3133=CARTESIAN_POINT('Ctrl Pts',(7.550243568069,-7.21786275061,1.878E-14));
#3134=CARTESIAN_POINT('Ctrl Pts',(7.539217715636,-7.248960470276,-2.379E-14));
#3135=CARTESIAN_POINT('Ctrl Pts',(7.519522509565,-7.290610665815,2.202E-14));
#3136=CARTESIAN_POINT('Ctrl Pts',(7.499415017046,-7.324026579712,-1.45E-14));
#3137=CARTESIAN_POINT('Ctrl Pts',(7.475244104781,-7.358468097975,6.29E-15));
#3138=CARTESIAN_POINT('Ctrl Pts',(7.448514397387,-7.390074633937,-1.3E-15));
#3139=CARTESIAN_POINT('Ctrl Pts',(7.390041874997,-7.448547247237,7.6E-16));
#3140=CARTESIAN_POINT('Ctrl Pts',(7.358321223724,-7.475282511474,-1.87E-15));
#3141=CARTESIAN_POINT('Ctrl Pts',(7.324480103535,-7.49943058367,4.54E-15));
#3142=CARTESIAN_POINT('Ctrl Pts',(7.288726485104,-7.520113352503,-9.66E-15));
#3143=CARTESIAN_POINT('Ctrl Pts',(7.252014814338,-7.537834239879,1.643E-14));
#3144=CARTESIAN_POINT('Ctrl Pts',(7.214290938971,-7.552492716825,-2.098E-14));
#3145=CARTESIAN_POINT('Ctrl Pts',(7.175704473579,-7.563375615234,1.939E-14));
#3146=CARTESIAN_POINT('Ctrl Pts',(7.138268873018,-7.570662441206,-1.271E-14));
#3147=CARTESIAN_POINT('Ctrl Pts',(7.103755620217,-7.575589334647,5.75E-15));
#3148=CARTESIAN_POINT('Ctrl Pts',(7.068349182029,-7.578246458602,-1.53E-15));
#3149=CARTESIAN_POINT('Ctrl Pts',(7.025763746378,-7.5780364406,0.));
#3150=CARTESIAN_POINT('Ctrl Pts',(7.75,-7.03290503843,1.5E-16));
#3151=CARTESIAN_POINT('Ctrl Pts',(7.748454664374,-7.079558058299,1.82E-15));
#3152=CARTESIAN_POINT('Ctrl Pts',(7.743690249029,-7.126672688119,-5.51E-15));
#3153=CARTESIAN_POINT('Ctrl Pts',(7.735551354059,-7.174784253121,1.192E-14));
#3154=CARTESIAN_POINT('Ctrl Pts',(7.723855061892,-7.223436126357,-3.59E-14));
#3155=CARTESIAN_POINT('Ctrl Pts',(7.707794662759,-7.272726486246,8.032E-14));
#3156=CARTESIAN_POINT('Ctrl Pts',(7.688453292631,-7.319832618988,-1.0925E-13));
#3157=CARTESIAN_POINT('Ctrl Pts',(7.664520372262,-7.367582042406,9.213E-14));
#3158=CARTESIAN_POINT('Ctrl Pts',(7.637068955882,-7.412513982474,-4.513E-14));
#3159=CARTESIAN_POINT('Ctrl Pts',(7.605814714042,-7.455779571666,9.88E-15));
#3160=CARTESIAN_POINT('Ctrl Pts',(7.57126234458,-7.496272442678,3.E-17));
#3161=CARTESIAN_POINT('Ctrl Pts',(7.49623066353,-7.571304265926,-9.6E-16));
#3162=CARTESIAN_POINT('Ctrl Pts',(7.455680437041,-7.605892786715,1.85E-15));
#3163=CARTESIAN_POINT('Ctrl Pts',(7.412446747665,-7.637158534608,-8.08E-15));
#3164=CARTESIAN_POINT('Ctrl Pts',(7.367099533742,-7.664719444017,2.905E-14));
#3165=CARTESIAN_POINT('Ctrl Pts',(7.320078598768,-7.688420881096,-5.003E-14));
#3166=CARTESIAN_POINT('Ctrl Pts',(7.271899187124,-7.708142723003,4.623E-14));
#3167=CARTESIAN_POINT('Ctrl Pts',(7.22321514361,-7.723815351334,-2.401E-14));
#3168=CARTESIAN_POINT('Ctrl Pts',(7.174697477125,-7.735557587761,9.33E-15));
#3169=CARTESIAN_POINT('Ctrl Pts',(7.126822889935,-7.743679924207,-4.41E-15));
#3170=CARTESIAN_POINT('Ctrl Pts',(7.079651835248,-7.748454423888,1.29E-15));
#3171=CARTESIAN_POINT('Ctrl Pts',(7.03292680204,-7.75,-4.3E-16));
#3172=CARTESIAN_POINT('Ctrl Pts',(7.775630890137,-7.033994294876,-0.170189110511));
#3173=CARTESIAN_POINT('Ctrl Pts',(7.775359654674,-7.081645120641,-0.168388107034));
#3174=CARTESIAN_POINT('Ctrl Pts',(7.771747789201,-7.131071367232,-0.166559625808));
#3175=CARTESIAN_POINT('Ctrl Pts',(7.764438251681,-7.181657269523,-0.164942311789));
#3176=CARTESIAN_POINT('Ctrl Pts',(7.752943636259,-7.232827474266,-0.163290409327));
#3177=CARTESIAN_POINT('Ctrl Pts',(7.737548328152,-7.283312798033,-0.162075105834));
#3178=CARTESIAN_POINT('Ctrl Pts',(7.717696517675,-7.333986021619,-0.160746520459));
#3179=CARTESIAN_POINT('Ctrl Pts',(7.693510436611,-7.383178246184,-0.15986076991));
#3180=CARTESIAN_POINT('Ctrl Pts',(7.665184362693,-7.430696177814,-0.159079230533));
#3181=CARTESIAN_POINT('Ctrl Pts',(7.632823473751,-7.475956428749,-0.158589181551));
#3182=CARTESIAN_POINT('Ctrl Pts',(7.596832168054,-7.518394680348,-0.158337676146));
#3183=CARTESIAN_POINT('Ctrl Pts',(7.518351025263,-7.596875983381,-0.158337669717));
#3184=CARTESIAN_POINT('Ctrl Pts',(7.475861098241,-7.632909216441,-0.158590800748));
#3185=CARTESIAN_POINT('Ctrl Pts',(7.430538856399,-7.665279961797,-0.159082221812));
#3186=CARTESIAN_POINT('Ctrl Pts',(7.382969711197,-7.69366965016,-0.159843004433));
#3187=CARTESIAN_POINT('Ctrl Pts',(7.333626039574,-7.717829005679,-0.16081516537));
#3188=CARTESIAN_POINT('Ctrl Pts',(7.283139731686,-7.737644744236,-0.161989154348));
#3189=CARTESIAN_POINT('Ctrl Pts',(7.232201026993,-7.753145635607,-0.163380126968));
#3190=CARTESIAN_POINT('Ctrl Pts',(7.181302687807,-7.764454380205,-0.164933105532));
#3191=CARTESIAN_POINT('Ctrl Pts',(7.130851967239,-7.771761728974,-0.166578124393));
#3192=CARTESIAN_POINT('Ctrl Pts',(7.081610527073,-7.77536064283,-0.168394668393));
#3193=CARTESIAN_POINT('Ctrl Pts',(7.033994450363,-7.775631045624,-0.170190142943));
#3194=CARTESIAN_POINT('',(7.033994450363,-7.775631045624,-0.170190142943));
#3195=CARTESIAN_POINT('Origin',(7.02576374637345,-7.57803644060072,-0.200000000000677));
#3196=CARTESIAN_POINT('Origin',(7.02166303320625,-7.02166338624138,-0.199908515804128));
#3197=CARTESIAN_POINT('Ctrl Pts',(-7.025763880544,7.578036441265,0.));
#3198=CARTESIAN_POINT('Ctrl Pts',(-7.023344395292,7.578024509035,2.2E-16));
#3199=CARTESIAN_POINT('Ctrl Pts',(-7.020901569512,7.578014186052,-9.4E-16));
#3200=CARTESIAN_POINT('Ctrl Pts',(-7.018433904117,7.578005423312,1.87E-15));
#3201=CARTESIAN_POINT('Ctrl Pts',(-7.01593990002,7.577998171807,-2.29E-15));
#3202=CARTESIAN_POINT('Ctrl Pts',(-7.013418058137,7.57799238253,1.65E-15));
#3203=CARTESIAN_POINT('Ctrl Pts',(-7.010866879379,7.577988006476,-6.7E-16));
#3204=CARTESIAN_POINT('Ctrl Pts',(-7.00828486466,7.577984994638,1.2E-16));
#3205=CARTESIAN_POINT('Ctrl Pts',(-7.005670514893,7.577983298009,0.));
#3206=CARTESIAN_POINT('Ctrl Pts',(-5.429350443931,7.57772708875,7.4E-16));
#3207=CARTESIAN_POINT('Ctrl Pts',(-3.883798512768,7.577966916529,-2.62E-15));
#3208=CARTESIAN_POINT('Ctrl Pts',(-2.329094436729,7.577843484678,5.45E-15));
#3209=CARTESIAN_POINT('Ctrl Pts',(-0.779547221565,7.57785915269,-7.47E-15));
#3210=CARTESIAN_POINT('Ctrl Pts',(0.779550894794,7.577859646632,7.16E-15));
#3211=CARTESIAN_POINT('Ctrl Pts',(2.329121432387,7.577843021623,-4.84E-15));
#3212=CARTESIAN_POINT('Ctrl Pts',(3.883788474259,7.577966911874,2.1E-15));
#3213=CARTESIAN_POINT('Ctrl Pts',(5.429338598075,7.577729326575,-4.2E-16));
#3214=CARTESIAN_POINT('Ctrl Pts',(7.00523426427,7.577979449719,-1.8E-16));
#3215=CARTESIAN_POINT('Ctrl Pts',(7.007904266634,7.577981409586,1.57E-15));
#3216=CARTESIAN_POINT('Ctrl Pts',(7.010534179959,7.57798496417,-3.44E-15));
#3217=CARTESIAN_POINT('Ctrl Pts',(7.013126247181,7.577990178817,4.36E-15));
#3218=CARTESIAN_POINT('Ctrl Pts',(7.015682711238,7.577997118873,-3.62E-15));
#3219=CARTESIAN_POINT('Ctrl Pts',(7.018205815068,7.578005849683,2.E-15));
#3220=CARTESIAN_POINT('Ctrl Pts',(7.020697801606,7.578016436593,-7.2E-16));
#3221=CARTESIAN_POINT('Ctrl Pts',(7.023160913792,7.578028944951,1.8E-16));
#3222=CARTESIAN_POINT('Ctrl Pts',(7.025597394564,7.5780434401,0.));
#3223=CARTESIAN_POINT('Ctrl Pts',(-7.032926950077,7.75,1.4E-16));
#3224=CARTESIAN_POINT('Ctrl Pts',(-7.03025822025,7.75,-9.3E-16));
#3225=CARTESIAN_POINT('Ctrl Pts',(-7.027591499973,7.75,3.71E-15));
#3226=CARTESIAN_POINT('Ctrl Pts',(-7.024926561817,7.75,-6.47E-15));
#3227=CARTESIAN_POINT('Ctrl Pts',(-7.022263178181,7.75,7.67E-15));
#3228=CARTESIAN_POINT('Ctrl Pts',(-7.019601121282,7.75,-6.19E-15));
#3229=CARTESIAN_POINT('Ctrl Pts',(-7.01694016317,7.75,3.23E-15));
#3230=CARTESIAN_POINT('Ctrl Pts',(-7.014280075717,7.75,-1.47E-15));
#3231=CARTESIAN_POINT('Ctrl Pts',(-7.011620630623,7.75,-1.2E-16));
#3232=CARTESIAN_POINT('Ctrl Pts',(-5.428713872443,7.75,-4.9E-16));
#3233=CARTESIAN_POINT('Ctrl Pts',(-3.881699292138,7.75,4.18E-15));
#3234=CARTESIAN_POINT('Ctrl Pts',(-2.327014462529,7.75,-1.11E-14));
#3235=CARTESIAN_POINT('Ctrl Pts',(-0.779084006503,7.75,1.579E-14));
#3236=CARTESIAN_POINT('Ctrl Pts',(0.779085702036,7.75,-1.414E-14));
#3237=CARTESIAN_POINT('Ctrl Pts',(2.32703570316,7.75,7.27E-15));
#3238=CARTESIAN_POINT('Ctrl Pts',(3.881667195824,7.75,-1.46E-15));
#3239=CARTESIAN_POINT('Ctrl Pts',(5.428655205497,7.75,-7.2E-16));
#3240=CARTESIAN_POINT('Ctrl Pts',(7.011086770119,7.75,4.4E-16));
#3241=CARTESIAN_POINT('Ctrl Pts',(7.013810288359,7.75,-3.33E-15));
#3242=CARTESIAN_POINT('Ctrl Pts',(7.016534269216,7.75,8.35E-15));
#3243=CARTESIAN_POINT('Ctrl Pts',(7.019259022213,7.75,-1.293E-14));
#3244=CARTESIAN_POINT('Ctrl Pts',(7.021984856642,7.75,1.329E-14));
#3245=CARTESIAN_POINT('Ctrl Pts',(7.024712081553,7.75,-9.92E-15));
#3246=CARTESIAN_POINT('Ctrl Pts',(7.027441005765,7.75,4.34E-15));
#3247=CARTESIAN_POINT('Ctrl Pts',(7.030171937851,7.75,-1.43E-15));
#3248=CARTESIAN_POINT('Ctrl Pts',(7.032905186144,7.75,-2.2E-16));
#3249=CARTESIAN_POINT('Ctrl Pts',(-7.033994600475,7.775631045609,-0.170190142845));
#3250=CARTESIAN_POINT('Ctrl Pts',(-7.031288669625,7.775631310692,-0.170191902994));
#3251=CARTESIAN_POINT('Ctrl Pts',(-7.028588534002,7.775631539999,-0.170193425593));
#3252=CARTESIAN_POINT('Ctrl Pts',(-7.025894155007,7.775631734626,-0.170194717918));
#3253=CARTESIAN_POINT('Ctrl Pts',(-7.023205494035,7.775631895669,-0.170195787244));
#3254=CARTESIAN_POINT('Ctrl Pts',(-7.020522512489,7.775632024224,-0.170196640846));
#3255=CARTESIAN_POINT('Ctrl Pts',(-7.017845171764,7.775632121385,-0.170197285999));
#3256=CARTESIAN_POINT('Ctrl Pts',(-7.015173433262,7.77563218825,-0.170197729979));
#3257=CARTESIAN_POINT('Ctrl Pts',(-7.01250725838,7.775632225913,-0.170197980061));
#3258=CARTESIAN_POINT('Ctrl Pts',(-5.428766877013,7.775637914761,-0.170235754016));
#3259=CARTESIAN_POINT('Ctrl Pts',(-3.881072754512,7.775632580097,-0.170200331843));
#3260=CARTESIAN_POINT('Ctrl Pts',(-2.327055437814,7.775635341176,-0.170218665409));
#3261=CARTESIAN_POINT('Ctrl Pts',(-0.778740980891,7.775634974221,-0.17021622883));
#3262=CARTESIAN_POINT('Ctrl Pts',(0.778742700448,7.775634964743,-0.170216165894));
#3263=CARTESIAN_POINT('Ctrl Pts',(2.327074310752,7.775635350341,-0.170218726261));
#3264=CARTESIAN_POINT('Ctrl Pts',(3.881041066021,7.775632580823,-0.170200336662));
#3265=CARTESIAN_POINT('Ctrl Pts',(5.428697679771,7.77563786486,-0.170235422673));
#3266=CARTESIAN_POINT('Ctrl Pts',(7.011958836425,7.775632311359,-0.170198547422));
#3267=CARTESIAN_POINT('Ctrl Pts',(7.01469034052,7.775632267857,-0.17019825857));
#3268=CARTESIAN_POINT('Ctrl Pts',(7.017428358524,7.77563218895,-0.170197734626));
#3269=CARTESIAN_POINT('Ctrl Pts',(7.020172911624,7.775632073175,-0.170196965883));
#3270=CARTESIAN_POINT('Ctrl Pts',(7.022924021002,7.775631919071,-0.170195942631));
#3271=CARTESIAN_POINT('Ctrl Pts',(7.025681707843,7.775631725175,-0.170194655165));
#3272=CARTESIAN_POINT('Ctrl Pts',(7.028445993331,7.775631490026,-0.170193093775));
#3273=CARTESIAN_POINT('Ctrl Pts',(7.03121689865,7.775631212162,-0.170191248755));
#3274=CARTESIAN_POINT('Ctrl Pts',(7.033994444984,7.77563089012,-0.170189110395));
#3275=CARTESIAN_POINT('',(-7.033994450363,7.775631045624,-0.170190142943));
#3276=CARTESIAN_POINT('Origin',(-7.02576374637363,7.57803644060066,-0.200000000000737));
#3277=CARTESIAN_POINT('Ctrl Pts',(-7.03399445036301,7.77563104562371,-0.170190142942644));
#3278=CARTESIAN_POINT('Ctrl Pts',(-7.03128853647789,7.77563131070331,-0.170191903069081));
#3279=CARTESIAN_POINT('Ctrl Pts',(-7.02858841774666,7.7756315400074,-0.17019342564876));
#3280=CARTESIAN_POINT('Ctrl Pts',(-7.02589405557104,7.77563173463196,-0.170194717957547));
#3281=CARTESIAN_POINT('Ctrl Pts',(-7.02320541134673,7.77563189567296,-0.170195787270308));
#3282=CARTESIAN_POINT('Ctrl Pts',(-7.02052244647746,7.7756320242264,-0.170196640861907));
#3283=CARTESIAN_POINT('Ctrl Pts',(-7.01784512235894,7.77563212138624,-0.17019728600721));
#3284=CARTESIAN_POINT('Ctrl Pts',(-7.01517340039388,7.77563218825047,-0.170197729982083));
#3285=CARTESIAN_POINT('Ctrl Pts',(-7.01250724198,7.77563222591306,-0.170197980061391));
#3286=CARTESIAN_POINT('Ctrl Pts',(-5.428766877013,7.775637914761,-0.170235754016));
#3287=CARTESIAN_POINT('Ctrl Pts',(-3.881072754512,7.775632580097,-0.170200331843));
#3288=CARTESIAN_POINT('Ctrl Pts',(-2.327055437814,7.775635341176,-0.170218665409));
#3289=CARTESIAN_POINT('Ctrl Pts',(-0.778740980891,7.775634974221,-0.17021622883));
#3290=CARTESIAN_POINT('Ctrl Pts',(0.778742700448,7.775634964743,-0.170216165894));
#3291=CARTESIAN_POINT('Ctrl Pts',(2.327074310752,7.775635350341,-0.170218726261));
#3292=CARTESIAN_POINT('Ctrl Pts',(3.881041066021,7.775632580823,-0.170200336662));
#3293=CARTESIAN_POINT('Ctrl Pts',(5.428697679771,7.77563786486,-0.170235422673));
#3294=CARTESIAN_POINT('Ctrl Pts',(7.01195883108723,7.77563231135902,-0.170198547422124));
#3295=CARTESIAN_POINT('Ctrl Pts',(7.01469032981902,7.77563226785717,-0.170198258571132));
#3296=CARTESIAN_POINT('Ctrl Pts',(7.01742834243425,7.77563218895046,-0.170197734629079));
#3297=CARTESIAN_POINT('Ctrl Pts',(7.0201728901198,7.77563207317591,-0.170196965889023));
#3298=CARTESIAN_POINT('Ctrl Pts',(7.02292399405753,7.77563191907251,-0.170195942641022));
#3299=CARTESIAN_POINT('Ctrl Pts',(7.02568167543234,7.77563172517728,-0.170194655180131));
#3300=CARTESIAN_POINT('Ctrl Pts',(7.02844595542808,7.77563149002923,-0.170193093796409));
#3301=CARTESIAN_POINT('Ctrl Pts',(7.03121685522864,7.77563121216635,-0.170191248783912));
#3302=CARTESIAN_POINT('Ctrl Pts',(7.0339943960179,7.77563089012568,-0.170189110432698));
#3303=CARTESIAN_POINT('Ctrl Pts',(7.025763880544,-7.578036441265,0.));
#3304=CARTESIAN_POINT('Ctrl Pts',(7.023344395292,-7.578024509035,-1.9E-16));
#3305=CARTESIAN_POINT('Ctrl Pts',(7.020901569512,-7.578014186052,7.1E-16));
#3306=CARTESIAN_POINT('Ctrl Pts',(7.018433904117,-7.578005423312,-1.43E-15));
#3307=CARTESIAN_POINT('Ctrl Pts',(7.015939900021,-7.577998171807,1.98E-15));
#3308=CARTESIAN_POINT('Ctrl Pts',(7.013418058137,-7.57799238253,-1.9E-15));
#3309=CARTESIAN_POINT('Ctrl Pts',(7.010866879379,-7.577988006476,1.29E-15));
#3310=CARTESIAN_POINT('Ctrl Pts',(7.00828486466,-7.577984994638,-5.6E-16));
#3311=CARTESIAN_POINT('Ctrl Pts',(7.005670514893,-7.577983298009,7.E-17));
#3312=CARTESIAN_POINT('Ctrl Pts',(5.429350443939,-7.57772708875,7.E-17));
#3313=CARTESIAN_POINT('Ctrl Pts',(3.883798417851,-7.577966915733,-6.2E-16));
#3314=CARTESIAN_POINT('Ctrl Pts',(2.329094932827,-7.577843486261,1.18E-15));
#3315=CARTESIAN_POINT('Ctrl Pts',(0.779546270505,-7.577859146383,-1.21E-15));
#3316=CARTESIAN_POINT('Ctrl Pts',(-0.779548590676,-7.577859678382,8.5E-16));
#3317=CARTESIAN_POINT('Ctrl Pts',(-2.329134057561,-7.577843062505,-5.1E-16));
#3318=CARTESIAN_POINT('Ctrl Pts',(-3.883798067662,-7.577966639147,2.5E-16));
#3319=CARTESIAN_POINT('Ctrl Pts',(-5.429372359358,-7.577729705463,-7.E-17));
#3320=CARTESIAN_POINT('Ctrl Pts',(-7.005242650437,-7.577979126199,-3.E-17));
#3321=CARTESIAN_POINT('Ctrl Pts',(-7.007912708278,-7.577981084774,4.4E-16));
#3322=CARTESIAN_POINT('Ctrl Pts',(-7.010542618182,-7.577984638167,-1.E-15));
#3323=CARTESIAN_POINT('Ctrl Pts',(-7.013134629176,-7.577989851935,1.19E-15));
#3324=CARTESIAN_POINT('Ctrl Pts',(-7.015690990297,-7.577996791633,-6.7E-16));
#3325=CARTESIAN_POINT('Ctrl Pts',(-7.01821395057,-7.578005522819,-1.E-16));
#3326=CARTESIAN_POINT('Ctrl Pts',(-7.020705759031,-7.578016111047,3.3E-16));
#3327=CARTESIAN_POINT('Ctrl Pts',(-7.023168664707,-7.578028621876,-1.4E-16));
#3328=CARTESIAN_POINT('Ctrl Pts',(-7.025604916633,-7.57804312086,0.));
#3329=CARTESIAN_POINT('Ctrl Pts',(7.032926950077,-7.75,1.9E-16));
#3330=CARTESIAN_POINT('Ctrl Pts',(7.03025822025,-7.75,2.9E-16));
#3331=CARTESIAN_POINT('Ctrl Pts',(7.027591499972,-7.75,-1.8E-16));
#3332=CARTESIAN_POINT('Ctrl Pts',(7.024926561817,-7.75,5.1E-16));
#3333=CARTESIAN_POINT('Ctrl Pts',(7.02226317818,-7.75,5.4E-16));
#3334=CARTESIAN_POINT('Ctrl Pts',(7.019601121283,-7.75,-1.42E-15));
#3335=CARTESIAN_POINT('Ctrl Pts',(7.01694016317,-7.75,1.73E-15));
#3336=CARTESIAN_POINT('Ctrl Pts',(7.014280075716,-7.75,-9.4E-16));
#3337=CARTESIAN_POINT('Ctrl Pts',(7.011620630623,-7.75,8.E-17));
#3338=CARTESIAN_POINT('Ctrl Pts',(5.428713872452,-7.75,6.E-17));
#3339=CARTESIAN_POINT('Ctrl Pts',(3.881699192577,-7.75,-1.22E-15));
#3340=CARTESIAN_POINT('Ctrl Pts',(2.32701498682,-7.75,4.36E-15));
#3341=CARTESIAN_POINT('Ctrl Pts',(0.77908261801,-7.75,-9.26E-15));
#3342=CARTESIAN_POINT('Ctrl Pts',(-0.779084363973,-7.75,1.238E-14));
#3343=CARTESIAN_POINT('Ctrl Pts',(-2.327051562372,-7.75,-1.031E-14));
#3344=CARTESIAN_POINT('Ctrl Pts',(-3.881679621915,-7.75,4.27E-15));
#3345=CARTESIAN_POINT('Ctrl Pts',(-5.428689970943,-7.75,-8.6E-16));
#3346=CARTESIAN_POINT('Ctrl Pts',(-7.011086875893,-7.75,-7.E-17));
#3347=CARTESIAN_POINT('Ctrl Pts',(-7.013810499908,-7.75,3.6E-16));
#3348=CARTESIAN_POINT('Ctrl Pts',(-7.016534586913,-7.75,-1.46E-15));
#3349=CARTESIAN_POINT('Ctrl Pts',(-7.019259446811,-7.75,2.05E-15));
#3350=CARTESIAN_POINT('Ctrl Pts',(-7.021985389262,-7.75,-2.69E-15));
#3351=CARTESIAN_POINT('Ctrl Pts',(-7.024712723697,-7.75,2.25E-15));
#3352=CARTESIAN_POINT('Ctrl Pts',(-7.027441759302,-7.75,-1.42E-15));
#3353=CARTESIAN_POINT('Ctrl Pts',(-7.030172805025,-7.75,2.8E-16));
#3354=CARTESIAN_POINT('Ctrl Pts',(-7.03290616957,-7.75,-1.1E-16));
#3355=CARTESIAN_POINT('Ctrl Pts',(7.033994600475,-7.775631045609,-0.170190142845));
#3356=CARTESIAN_POINT('Ctrl Pts',(7.031288669625,-7.775631310692,-0.170191902994));
#3357=CARTESIAN_POINT('Ctrl Pts',(7.028588534002,-7.775631539999,-0.170193425593));
#3358=CARTESIAN_POINT('Ctrl Pts',(7.025894155007,-7.775631734626,-0.170194717918));
#3359=CARTESIAN_POINT('Ctrl Pts',(7.023205494035,-7.775631895669,-0.170195787244));
#3360=CARTESIAN_POINT('Ctrl Pts',(7.020522512489,-7.775632024224,-0.170196640846));
#3361=CARTESIAN_POINT('Ctrl Pts',(7.017845171764,-7.775632121385,-0.170197285999));
#3362=CARTESIAN_POINT('Ctrl Pts',(7.015173433262,-7.77563218825,-0.170197729979));
#3363=CARTESIAN_POINT('Ctrl Pts',(7.012507258379,-7.775632225913,-0.170197980061));
#3364=CARTESIAN_POINT('Ctrl Pts',(5.428766877022,-7.775637914761,-0.170235754016));
#3365=CARTESIAN_POINT('Ctrl Pts',(3.8810726645,-7.775632580108,-0.170200331915));
#3366=CARTESIAN_POINT('Ctrl Pts',(2.327055908645,-7.775635341173,-0.170218665389));
#3367=CARTESIAN_POINT('Ctrl Pts',(0.77873970828,-7.775634974287,-0.170216229265));
#3368=CARTESIAN_POINT('Ctrl Pts',(-0.778741984452,-7.775634964145,-0.170216161923));
#3369=CARTESIAN_POINT('Ctrl Pts',(-2.327089789648,-7.775635349334,-0.170218719577));
#3370=CARTESIAN_POINT('Ctrl Pts',(-3.881054759905,-7.775632586934,-0.170200377245));
#3371=CARTESIAN_POINT('Ctrl Pts',(-5.428732187616,-7.77563785643,-0.170235366696));
#3372=CARTESIAN_POINT('Ctrl Pts',(-7.011957706966,-7.775632318542,-0.170198595118));
#3373=CARTESIAN_POINT('Ctrl Pts',(-7.014689324299,-7.775632275069,-0.170198306458));
#3374=CARTESIAN_POINT('Ctrl Pts',(-7.017427464733,-7.775632196188,-0.170197782691));
#3375=CARTESIAN_POINT('Ctrl Pts',(-7.020172148973,-7.775632080434,-0.17019701408));
#3376=CARTESIAN_POINT('Ctrl Pts',(-7.022923397731,-7.775631926338,-0.170195990885));
#3377=CARTESIAN_POINT('Ctrl Pts',(-7.025681231711,-7.775631732435,-0.170194703367));
#3378=CARTESIAN_POINT('Ctrl Pts',(-7.028445671625,-7.775631497257,-0.170193141788));
#3379=CARTESIAN_POINT('Ctrl Pts',(-7.031216738177,-7.775631219339,-0.170191296409));
#3380=CARTESIAN_POINT('Ctrl Pts',(-7.033994452077,-7.775630897212,-0.17018915749));
#3381=CARTESIAN_POINT('',(-7.03399437864618,-7.775630897825,-0.170189161559172));
#3382=CARTESIAN_POINT('Origin',(-7.02560491663287,-7.57804312086026,-0.199999999999271));
#3383=CARTESIAN_POINT('Ctrl Pts',(7.03399445036301,-7.77563104562371,-0.170190142942644));
#3384=CARTESIAN_POINT('Ctrl Pts',(7.03128853647789,-7.77563131070331,-0.170191903069081));
#3385=CARTESIAN_POINT('Ctrl Pts',(7.02858841774666,-7.7756315400074,-0.17019342564876));
#3386=CARTESIAN_POINT('Ctrl Pts',(7.02589405557104,-7.77563173463196,-0.170194717957547));
#3387=CARTESIAN_POINT('Ctrl Pts',(7.02320541134673,-7.77563189567296,-0.170195787270308));
#3388=CARTESIAN_POINT('Ctrl Pts',(7.02052244647746,-7.7756320242264,-0.170196640861907));
#3389=CARTESIAN_POINT('Ctrl Pts',(7.01784512235894,-7.77563212138624,-0.17019728600721));
#3390=CARTESIAN_POINT('Ctrl Pts',(7.01517340039388,-7.77563218825047,-0.170197729982083));
#3391=CARTESIAN_POINT('Ctrl Pts',(7.012507241979,-7.77563222591306,-0.170197980061391));
#3392=CARTESIAN_POINT('Ctrl Pts',(5.428766877022,-7.775637914761,-0.170235754016));
#3393=CARTESIAN_POINT('Ctrl Pts',(3.8810726645,-7.775632580108,-0.170200331915));
#3394=CARTESIAN_POINT('Ctrl Pts',(2.327055908645,-7.775635341173,-0.170218665389));
#3395=CARTESIAN_POINT('Ctrl Pts',(0.77873970828,-7.775634974287,-0.170216229265));
#3396=CARTESIAN_POINT('Ctrl Pts',(-0.778741984452,-7.775634964145,-0.170216161923));
#3397=CARTESIAN_POINT('Ctrl Pts',(-2.327089789648,-7.775635349334,-0.170218719577));
#3398=CARTESIAN_POINT('Ctrl Pts',(-3.881054759905,-7.775632586934,-0.170200377245));
#3399=CARTESIAN_POINT('Ctrl Pts',(-5.428732187616,-7.77563785643,-0.170235366696));
#3400=CARTESIAN_POINT('Ctrl Pts',(-7.01195769896118,-7.77563231854203,-0.170198595118186));
#3401=CARTESIAN_POINT('Ctrl Pts',(-7.01468930825115,-7.77563227506926,-0.170198306459696));
#3402=CARTESIAN_POINT('Ctrl Pts',(-7.01742744060374,-7.77563219618869,-0.170197782695616));
#3403=CARTESIAN_POINT('Ctrl Pts',(-7.02017211672376,-7.77563208043536,-0.170197014089031));
#3404=CARTESIAN_POINT('Ctrl Pts',(-7.02292335732304,-7.77563192634026,-0.170195990900028));
#3405=CARTESIAN_POINT('Ctrl Pts',(-7.02568118310539,-7.77563173243842,-0.170194703389692));
#3406=CARTESIAN_POINT('Ctrl Pts',(-7.02844561478262,-7.77563149726184,-0.170193141820109));
#3407=CARTESIAN_POINT('Ctrl Pts',(-7.03121667305856,-7.77563121934554,-0.170191296452365));
#3408=CARTESIAN_POINT('Ctrl Pts',(-7.03399437864302,-7.77563089722051,-0.170189157546546));
#3409=CARTESIAN_POINT('Ctrl Pts',(-7.578043439317,7.025597262885,0.));
#3410=CARTESIAN_POINT('Ctrl Pts',(-7.578292171381,7.067406793446,8.9E-16));
#3411=CARTESIAN_POINT('Ctrl Pts',(-7.575850979673,7.101315384877,-3.62E-15));
#3412=CARTESIAN_POINT('Ctrl Pts',(-7.57070357374,7.136728924936,8.69E-15));
#3413=CARTESIAN_POINT('Ctrl Pts',(-7.565151137544,7.17452376132,-1.515E-14));
#3414=CARTESIAN_POINT('Ctrl Pts',(-7.55024356807,7.217862750609,1.99E-14));
#3415=CARTESIAN_POINT('Ctrl Pts',(-7.539217715636,7.248960470277,-1.991E-14));
#3416=CARTESIAN_POINT('Ctrl Pts',(-7.519522509566,7.290610665815,1.518E-14));
#3417=CARTESIAN_POINT('Ctrl Pts',(-7.499415017046,7.324026579713,-8.59E-15));
#3418=CARTESIAN_POINT('Ctrl Pts',(-7.475244104781,7.358468097975,3.22E-15));
#3419=CARTESIAN_POINT('Ctrl Pts',(-7.448514397387,7.390074633937,-4.9E-16));
#3420=CARTESIAN_POINT('Ctrl Pts',(-7.390041874997,7.448547247237,7.E-17));
#3421=CARTESIAN_POINT('Ctrl Pts',(-7.358321223724,7.475282511474,8.E-16));
#3422=CARTESIAN_POINT('Ctrl Pts',(-7.324480103535,7.499430583671,-3.28E-15));
#3423=CARTESIAN_POINT('Ctrl Pts',(-7.288726485103,7.520113352503,7.65E-15));
#3424=CARTESIAN_POINT('Ctrl Pts',(-7.252014814337,7.537834239879,-1.193E-14));
#3425=CARTESIAN_POINT('Ctrl Pts',(-7.214290938969,7.552492716826,1.263E-14));
#3426=CARTESIAN_POINT('Ctrl Pts',(-7.175704473578,7.563375615234,-9.05E-15));
#3427=CARTESIAN_POINT('Ctrl Pts',(-7.138268873018,7.570662441206,4.08E-15));
#3428=CARTESIAN_POINT('Ctrl Pts',(-7.103755620218,7.575589334647,-8.9E-16));
#3429=CARTESIAN_POINT('Ctrl Pts',(-7.068349182029,7.578246458602,-3.E-17));
#3430=CARTESIAN_POINT('Ctrl Pts',(-7.025763746377,7.5780364406,0.));
#3431=CARTESIAN_POINT('Ctrl Pts',(-7.75,7.03290503843,-3.E-17));
#3432=CARTESIAN_POINT('Ctrl Pts',(-7.748454664374,7.079558058299,2.03E-15));
#3433=CARTESIAN_POINT('Ctrl Pts',(-7.743690249029,7.126672688119,-5.44E-15));
#3434=CARTESIAN_POINT('Ctrl Pts',(-7.735551354059,7.174784253121,-9.7E-16));
#3435=CARTESIAN_POINT('Ctrl Pts',(-7.723855061891,7.223436126358,3.011E-14));
#3436=CARTESIAN_POINT('Ctrl Pts',(-7.70779466276,7.272726486244,-6.663E-14));
#3437=CARTESIAN_POINT('Ctrl Pts',(-7.68845329263,7.31983261899,7.54E-14));
#3438=CARTESIAN_POINT('Ctrl Pts',(-7.664520372263,7.367582042405,-4.237E-14));
#3439=CARTESIAN_POINT('Ctrl Pts',(-7.637068955882,7.412513982475,4.68E-15));
#3440=CARTESIAN_POINT('Ctrl Pts',(-7.605814714042,7.455779571666,6.88E-15));
#3441=CARTESIAN_POINT('Ctrl Pts',(-7.57126234458,7.496272442678,-2.62E-15));
#3442=CARTESIAN_POINT('Ctrl Pts',(-7.49623066353,7.571304265927,2.03E-15));
#3443=CARTESIAN_POINT('Ctrl Pts',(-7.45568043704,7.605892786716,-8.12E-15));
#3444=CARTESIAN_POINT('Ctrl Pts',(-7.412446747664,7.637158534609,2.161E-14));
#3445=CARTESIAN_POINT('Ctrl Pts',(-7.367099533741,7.664719444018,-3.546E-14));
#3446=CARTESIAN_POINT('Ctrl Pts',(-7.320078598767,7.688420881096,4.607E-14));
#3447=CARTESIAN_POINT('Ctrl Pts',(-7.271899187123,7.708142723003,-4.496E-14));
#3448=CARTESIAN_POINT('Ctrl Pts',(-7.22321514361,7.723815351334,2.821E-14));
#3449=CARTESIAN_POINT('Ctrl Pts',(-7.174697477125,7.735557587761,-9.06E-15));
#3450=CARTESIAN_POINT('Ctrl Pts',(-7.126822889935,7.743679924207,1.17E-15));
#3451=CARTESIAN_POINT('Ctrl Pts',(-7.079651835248,7.748454423888,-8.9E-16));
#3452=CARTESIAN_POINT('Ctrl Pts',(-7.032926802039,7.75,5.1E-16));
#3453=CARTESIAN_POINT('Ctrl Pts',(-7.775630890137,7.033994294876,-0.170189110511));
#3454=CARTESIAN_POINT('Ctrl Pts',(-7.775359654674,7.081645120641,-0.168388107034));
#3455=CARTESIAN_POINT('Ctrl Pts',(-7.771747789201,7.131071367232,-0.166559625808));
#3456=CARTESIAN_POINT('Ctrl Pts',(-7.764438251681,7.181657269523,-0.164942311789));
#3457=CARTESIAN_POINT('Ctrl Pts',(-7.75294363626,7.232827474267,-0.163290409327));
#3458=CARTESIAN_POINT('Ctrl Pts',(-7.737548328152,7.283312798032,-0.162075105835));
#3459=CARTESIAN_POINT('Ctrl Pts',(-7.717696517675,7.33398602162,-0.160746520459));
#3460=CARTESIAN_POINT('Ctrl Pts',(-7.693510436611,7.383178246184,-0.159860769911));
#3461=CARTESIAN_POINT('Ctrl Pts',(-7.665184362692,7.430696177815,-0.159079230533));
#3462=CARTESIAN_POINT('Ctrl Pts',(-7.632823473751,7.475956428749,-0.158589181551));
#3463=CARTESIAN_POINT('Ctrl Pts',(-7.596832168054,7.518394680348,-0.158337676146));
#3464=CARTESIAN_POINT('Ctrl Pts',(-7.518351025262,7.596875983381,-0.158337669717));
#3465=CARTESIAN_POINT('Ctrl Pts',(-7.475861098241,7.632909216441,-0.158590800748));
#3466=CARTESIAN_POINT('Ctrl Pts',(-7.430538856399,7.665279961798,-0.159082221812));
#3467=CARTESIAN_POINT('Ctrl Pts',(-7.382969711196,7.693669650161,-0.159843004433));
#3468=CARTESIAN_POINT('Ctrl Pts',(-7.333626039573,7.71782900568,-0.16081516537));
#3469=CARTESIAN_POINT('Ctrl Pts',(-7.283139731684,7.737644744236,-0.161989154348));
#3470=CARTESIAN_POINT('Ctrl Pts',(-7.232201026992,7.753145635607,-0.163380126968));
#3471=CARTESIAN_POINT('Ctrl Pts',(-7.181302687806,7.764454380205,-0.164933105532));
#3472=CARTESIAN_POINT('Ctrl Pts',(-7.130851967239,7.771761728974,-0.166578124393));
#3473=CARTESIAN_POINT('Ctrl Pts',(-7.081610527073,7.77536064283,-0.168394668393));
#3474=CARTESIAN_POINT('Ctrl Pts',(-7.033994450363,7.775631045624,-0.170190142943));
#3475=CARTESIAN_POINT('',(-7.77563089073258,7.03399437155338,-0.170189114464077));
#3476=CARTESIAN_POINT('Origin',(-7.57804344010026,7.02559739456374,-0.200000000000315));
#3477=CARTESIAN_POINT('Origin',(-7.02166303323062,7.02166338626641,-0.199908515802259));
#3478=CARTESIAN_POINT('Ctrl Pts',(-7.025604784974,-7.578043120077,0.));
#3479=CARTESIAN_POINT('Ctrl Pts',(-7.067407748474,-7.578291902231,2.75E-15));
#3480=CARTESIAN_POINT('Ctrl Pts',(-7.101305274439,-7.575850773259,-1.149E-14));
#3481=CARTESIAN_POINT('Ctrl Pts',(-7.136715057997,-7.570707264115,2.867E-14));
#3482=CARTESIAN_POINT('Ctrl Pts',(-7.174546121364,-7.565152785794,-5.101E-14));
#3483=CARTESIAN_POINT('Ctrl Pts',(-7.217859198159,-7.550232303447,6.871E-14));
#3484=CARTESIAN_POINT('Ctrl Pts',(-7.248950732788,-7.539230625016,-7.11E-14));
#3485=CARTESIAN_POINT('Ctrl Pts',(-7.290621839238,-7.519513744417,5.607E-14));
#3486=CARTESIAN_POINT('Ctrl Pts',(-7.324022185354,-7.499417900908,-3.267E-14));
#3487=CARTESIAN_POINT('Ctrl Pts',(-7.358469309142,-7.475243329729,1.306E-14));
#3488=CARTESIAN_POINT('Ctrl Pts',(-7.390074821719,-7.448514224904,-2.57E-15));
#3489=CARTESIAN_POINT('Ctrl Pts',(-7.448547413177,-7.390041693742,1.43E-15));
#3490=CARTESIAN_POINT('Ctrl Pts',(-7.475282671535,-7.358321540346,-2.65E-15));
#3491=CARTESIAN_POINT('Ctrl Pts',(-7.49943110996,-7.324477805485,2.94E-15));
#3492=CARTESIAN_POINT('Ctrl Pts',(-7.520113026486,-7.288728093612,-2.6E-16));
#3493=CARTESIAN_POINT('Ctrl Pts',(-7.537834663267,-7.25201538942,-5.29E-15));
#3494=CARTESIAN_POINT('Ctrl Pts',(-7.55249384462,-7.214286608464,9.83E-15));
#3495=CARTESIAN_POINT('Ctrl Pts',(-7.563374580315,-7.175703705986,-9.6E-15));
#3496=CARTESIAN_POINT('Ctrl Pts',(-7.570659717565,-7.138277799487,5.76E-15));
#3497=CARTESIAN_POINT('Ctrl Pts',(-7.575589950382,-7.103762194105,-2.03E-15));
#3498=CARTESIAN_POINT('Ctrl Pts',(-7.578246821838,-7.068345931826,3.1E-16));
#3499=CARTESIAN_POINT('Ctrl Pts',(-7.578036783302,-7.025755515952,0.));
#3500=CARTESIAN_POINT('Ctrl Pts',(-7.032906021858,-7.75,-1.2E-16));
#3501=CARTESIAN_POINT('Ctrl Pts',(-7.079558127423,-7.748454606377,1.65E-15));
#3502=CARTESIAN_POINT('Ctrl Pts',(-7.126672740056,-7.743690120155,-3.57E-15));
#3503=CARTESIAN_POINT('Ctrl Pts',(-7.174783225836,-7.735551798743,-2.32E-15));
#3504=CARTESIAN_POINT('Ctrl Pts',(-7.223443138543,-7.723853661392,1.592E-14));
#3505=CARTESIAN_POINT('Ctrl Pts',(-7.272721412617,-7.707794868846,-2.068E-14));
#3506=CARTESIAN_POINT('Ctrl Pts',(-7.319836951441,-7.688452923985,1.307E-14));
#3507=CARTESIAN_POINT('Ctrl Pts',(-7.367581372578,-7.664519782955,-4.7E-15));
#3508=CARTESIAN_POINT('Ctrl Pts',(-7.412514735124,-7.637068745085,-2.12E-15));
#3509=CARTESIAN_POINT('Ctrl Pts',(-7.455779901501,-7.605814401197,3.73E-15));
#3510=CARTESIAN_POINT('Ctrl Pts',(-7.496272677852,-7.571262128355,-1.12E-15));
#3511=CARTESIAN_POINT('Ctrl Pts',(-7.571304492247,-7.49623041824,-5.8E-16));
#3512=CARTESIAN_POINT('Ctrl Pts',(-7.605893076031,-7.455680164926,5.91E-15));
#3513=CARTESIAN_POINT('Ctrl Pts',(-7.637158946277,-7.412445911614,-1.633E-14));
#3514=CARTESIAN_POINT('Ctrl Pts',(-7.664719749901,-7.367099189704,2.719E-14));
#3515=CARTESIAN_POINT('Ctrl Pts',(-7.688421262197,-7.320078018153,-2.827E-14));
#3516=CARTESIAN_POINT('Ctrl Pts',(-7.70814319608,-7.271897747607,2.322E-14));
#3517=CARTESIAN_POINT('Ctrl Pts',(-7.723815513669,-7.223214112452,-1.55E-14));
#3518=CARTESIAN_POINT('Ctrl Pts',(-7.735557388053,-7.174697875347,8.33E-15));
#3519=CARTESIAN_POINT('Ctrl Pts',(-7.743679983551,-7.126823265827,-2.23E-15));
#3520=CARTESIAN_POINT('Ctrl Pts',(-7.748454478082,-7.079651718488,3.6E-16));
#3521=CARTESIAN_POINT('Ctrl Pts',(-7.75,-7.032925726224,-3.E-17));
#3522=CARTESIAN_POINT('Ctrl Pts',(-7.033994301968,-7.77563089723,-0.170189157606));
#3523=CARTESIAN_POINT('Ctrl Pts',(-7.081645002672,-7.775359651132,-0.168388083518));
#3524=CARTESIAN_POINT('Ctrl Pts',(-7.131072905122,-7.771747731,-0.166559555914));
#3525=CARTESIAN_POINT('Ctrl Pts',(-7.181658704482,-7.76443834029,-0.164942211541));
#3526=CARTESIAN_POINT('Ctrl Pts',(-7.232832291986,-7.75294148866,-0.163290264502));
#3527=CARTESIAN_POINT('Ctrl Pts',(-7.283306340506,-7.737550680035,-0.162075456274));
#3528=CARTESIAN_POINT('Ctrl Pts',(-7.33399397534,-7.717693826925,-0.160746081424));
#3529=CARTESIAN_POINT('Ctrl Pts',(-7.383174808871,-7.69351126291,-0.159861027028));
#3530=CARTESIAN_POINT('Ctrl Pts',(-7.430698091399,-7.665183622788,-0.159079125773));
#3531=CARTESIAN_POINT('Ctrl Pts',(-7.475956562743,-7.632823240331,-0.158589196105));
#3532=CARTESIAN_POINT('Ctrl Pts',(-7.518394925779,-7.596831943253,-0.158337675342));
#3533=CARTESIAN_POINT('Ctrl Pts',(-7.596876221744,-7.518350766248,-0.158337670521));
#3534=CARTESIAN_POINT('Ctrl Pts',(-7.632909523124,-7.47586072199,-0.158590800805));
#3535=CARTESIAN_POINT('Ctrl Pts',(-7.665280370783,-7.430538272401,-0.15908223412));
#3536=CARTESIAN_POINT('Ctrl Pts',(-7.693670041589,-7.382968982419,-0.159843018433));
#3537=CARTESIAN_POINT('Ctrl Pts',(-7.717829359472,-7.333625282895,-0.160815172707));
#3538=CARTESIAN_POINT('Ctrl Pts',(-7.737645122296,-7.283138838366,-0.161989172539));
#3539=CARTESIAN_POINT('Ctrl Pts',(-7.753145994792,-7.232199823184,-0.163380175523));
#3540=CARTESIAN_POINT('Ctrl Pts',(-7.764454547485,-7.181301460393,-0.164933164204));
#3541=CARTESIAN_POINT('Ctrl Pts',(-7.771761662982,-7.130851495207,-0.166578149157));
#3542=CARTESIAN_POINT('Ctrl Pts',(-7.775360643585,-7.08161094026,-0.168394673409));
#3543=CARTESIAN_POINT('Ctrl Pts',(-7.775631038011,-7.033994442749,-0.17019009239));
#3544=CARTESIAN_POINT('',(-7.775631038011,-7.033994442749,-0.17019009239));
#3545=CARTESIAN_POINT('Origin',(-7.57803678330256,-7.02575551594758,-0.200000000000994));
#3546=CARTESIAN_POINT('Origin',(-7.02166333101374,-7.02166303793188,-0.19990851154886));
#3547=CARTESIAN_POINT('Ctrl Pts',(-7.578036783967,-7.025755650134,0.));
#3548=CARTESIAN_POINT('Ctrl Pts',(-7.578024851401,-7.023336050384,-1.9E-16));
#3549=CARTESIAN_POINT('Ctrl Pts',(-7.578014527493,-7.020893129437,6.8E-16));
#3550=CARTESIAN_POINT('Ctrl Pts',(-7.578005763377,-7.018425391564,-1.85E-15));
#3551=CARTESIAN_POINT('Ctrl Pts',(-7.577998510184,-7.015931341038,3.09E-15));
#3552=CARTESIAN_POINT('Ctrl Pts',(-7.577992719045,-7.013409482131,-3.69E-15));
#3553=CARTESIAN_POINT('Ctrl Pts',(-7.577988341093,-7.010858319116,3.05E-15));
#3554=CARTESIAN_POINT('Ctrl Pts',(-7.57798532746,-7.008276356265,-1.57E-15));
#3555=CARTESIAN_POINT('Ctrl Pts',(-7.577983629278,-7.005662097852,2.4E-16));
#3556=CARTESIAN_POINT('Ctrl Pts',(-7.577726704007,-5.42931668242,-8.E-17));
#3557=CARTESIAN_POINT('Ctrl Pts',(-7.577967190981,-3.88378914823,-5.1E-16));
#3558=CARTESIAN_POINT('Ctrl Pts',(-7.577843444557,-2.329081817832,1.85E-15));
#3559=CARTESIAN_POINT('Ctrl Pts',(-7.577859119661,-0.77954957016,-3.33E-15));
#3560=CARTESIAN_POINT('Ctrl Pts',(-7.577859653574,0.779551853356,3.52E-15));
#3561=CARTESIAN_POINT('Ctrl Pts',(-7.577843019697,2.329120932179,-2.15E-15));
#3562=CARTESIAN_POINT('Ctrl Pts',(-7.577966912742,3.88378856989,6.9E-16));
#3563=CARTESIAN_POINT('Ctrl Pts',(-7.577729326575,5.429338598076,6.E-17));
#3564=CARTESIAN_POINT('Ctrl Pts',(-7.577979449719,7.005234264271,-1.7E-16));
#3565=CARTESIAN_POINT('Ctrl Pts',(-7.577981409586,7.007904266634,1.5E-15));
#3566=CARTESIAN_POINT('Ctrl Pts',(-7.57798496417,7.010534179959,-3.77E-15));
#3567=CARTESIAN_POINT('Ctrl Pts',(-7.577990178817,7.013126247181,6.E-15));
#3568=CARTESIAN_POINT('Ctrl Pts',(-7.577997118873,7.015682711239,-6.47E-15));
#3569=CARTESIAN_POINT('Ctrl Pts',(-7.578005849683,7.018205815067,4.87E-15));
#3570=CARTESIAN_POINT('Ctrl Pts',(-7.578016436593,7.020697801607,-2.48E-15));
#3571=CARTESIAN_POINT('Ctrl Pts',(-7.578028944951,7.023160913792,7.4E-16));
#3572=CARTESIAN_POINT('Ctrl Pts',(-7.5780434401,7.025597394564,0.));
#3573=CARTESIAN_POINT('Ctrl Pts',(-7.75,-7.032925874264,7.E-17));
#3574=CARTESIAN_POINT('Ctrl Pts',(-7.75,-7.030257272303,1.5E-16));
#3575=CARTESIAN_POINT('Ctrl Pts',(-7.75,-7.027590678186,-2.8E-16));
#3576=CARTESIAN_POINT('Ctrl Pts',(-7.75,-7.024925864689,9.3E-16));
#3577=CARTESIAN_POINT('Ctrl Pts',(-7.75,-7.022262604403,-1.55E-15));
#3578=CARTESIAN_POINT('Ctrl Pts',(-7.75,-7.019600669753,1.97E-15));
#3579=CARTESIAN_POINT('Ctrl Pts',(-7.75,-7.016939832983,-2.E-15));
#3580=CARTESIAN_POINT('Ctrl Pts',(-7.75,-7.01427986617,1.04E-15));
#3581=CARTESIAN_POINT('Ctrl Pts',(-7.75,-7.011620541216,-3.1E-16));
#3582=CARTESIAN_POINT('Ctrl Pts',(-7.75,-5.42867909545,1.1E-16));
#3583=CARTESIAN_POINT('Ctrl Pts',(-7.75,-3.881687078927,1.08E-15));
#3584=CARTESIAN_POINT('Ctrl Pts',(-7.75,-2.326998586728,-1.58E-15));
#3585=CARTESIAN_POINT('Ctrl Pts',(-7.75,-0.779085381203,8.E-17));
#3586=CARTESIAN_POINT('Ctrl Pts',(-7.75,0.779087099728,9.4E-16));
#3587=CARTESIAN_POINT('Ctrl Pts',(-7.75,2.327035175152,-8.2E-16));
#3588=CARTESIAN_POINT('Ctrl Pts',(-7.75,3.881667295973,-1.7E-16));
#3589=CARTESIAN_POINT('Ctrl Pts',(-7.75,5.428655205499,2.9E-16));
#3590=CARTESIAN_POINT('Ctrl Pts',(-7.75,7.011086770119,1.8E-16));
#3591=CARTESIAN_POINT('Ctrl Pts',(-7.75,7.013810288359,-6.8E-16));
#3592=CARTESIAN_POINT('Ctrl Pts',(-7.75,7.016534269216,1.97E-15));
#3593=CARTESIAN_POINT('Ctrl Pts',(-7.75,7.019259022214,-2.8E-15));
#3594=CARTESIAN_POINT('Ctrl Pts',(-7.75,7.021984856641,2.68E-15));
#3595=CARTESIAN_POINT('Ctrl Pts',(-7.75,7.024712081554,-1.36E-15));
#3596=CARTESIAN_POINT('Ctrl Pts',(-7.75,7.027441005765,3.5E-16));
#3597=CARTESIAN_POINT('Ctrl Pts',(-7.75,7.030171937851,-7.E-17));
#3598=CARTESIAN_POINT('Ctrl Pts',(-7.75,7.032905186144,-1.E-17));
#3599=CARTESIAN_POINT('Ctrl Pts',(-7.775631037996,-7.033994592862,-0.170190092292));
#3600=CARTESIAN_POINT('Ctrl Pts',(-7.775631303087,-7.031288825874,-0.170191852497));
#3601=CARTESIAN_POINT('Ctrl Pts',(-7.775631532415,-7.028588849281,-0.170193375238));
#3602=CARTESIAN_POINT('Ctrl Pts',(-7.775631727074,-7.025894624213,-0.17019466777));
#3603=CARTESIAN_POINT('Ctrl Pts',(-7.775631888155,-7.023206111803,-0.170195737348));
#3604=CARTESIAN_POINT('Ctrl Pts',(-7.775632016751,-7.020523273178,-0.170196591227));
#3605=CARTESIAN_POINT('Ctrl Pts',(-7.775632113955,-7.017846069472,-0.170197236663));
#3606=CARTESIAN_POINT('Ctrl Pts',(-7.77563218086,-7.015174461812,-0.170197680909));
#3607=CARTESIAN_POINT('Ctrl Pts',(-7.775632218557,-7.012508411331,-0.170197931221));
#3608=CARTESIAN_POINT('Ctrl Pts',(-7.775637923323,-5.428732363983,-0.170235810864));
#3609=CARTESIAN_POINT('Ctrl Pts',(-7.775632573944,-3.881059259857,-0.170200290986));
#3610=CARTESIAN_POINT('Ctrl Pts',(-7.77563534217,-2.327039946724,-0.170218672011));
#3611=CARTESIAN_POINT('Ctrl Pts',(-7.775634974843,-0.77874172956,-0.170216232958));
#3612=CARTESIAN_POINT('Ctrl Pts',(-7.775634964667,0.778743982217,-0.170216165388));
#3613=CARTESIAN_POINT('Ctrl Pts',(-7.77563535035,2.327073836171,-0.170218726323));
#3614=CARTESIAN_POINT('Ctrl Pts',(-7.77563258081,3.881041156677,-0.17020033658));
#3615=CARTESIAN_POINT('Ctrl Pts',(-7.77563786486,5.428697679773,-0.170235422673));
#3616=CARTESIAN_POINT('Ctrl Pts',(-7.775632311359,7.011958836425,-0.170198547422));
#3617=CARTESIAN_POINT('Ctrl Pts',(-7.775632267857,7.01469034052,-0.17019825857));
#3618=CARTESIAN_POINT('Ctrl Pts',(-7.77563218895,7.017428358524,-0.170197734626));
#3619=CARTESIAN_POINT('Ctrl Pts',(-7.775632073175,7.020172911624,-0.170196965883));
#3620=CARTESIAN_POINT('Ctrl Pts',(-7.775631919071,7.022924021001,-0.170195942631));
#3621=CARTESIAN_POINT('Ctrl Pts',(-7.775631725175,7.025681707844,-0.170194655165));
#3622=CARTESIAN_POINT('Ctrl Pts',(-7.775631490026,7.028445993331,-0.170193093775));
#3623=CARTESIAN_POINT('Ctrl Pts',(-7.775631212162,7.03121689865,-0.170191248755));
#3624=CARTESIAN_POINT('Ctrl Pts',(-7.77563089012,7.033994444984,-0.170189110395));
#3625=CARTESIAN_POINT('Ctrl Pts',(-7.77563103801072,-7.03399444274901,-0.170190092389654));
#3626=CARTESIAN_POINT('Ctrl Pts',(-7.77563130309832,-7.03128869272578,-0.170191852572093));
#3627=CARTESIAN_POINT('Ctrl Pts',(-7.7756315324234,-7.02858873302449,-0.170193375293773));
#3628=CARTESIAN_POINT('Ctrl Pts',(-7.77563172707996,-7.02589452477585,-0.170194667809559));
#3629=CARTESIAN_POINT('Ctrl Pts',(-7.77563188815896,-7.02320602911358,-0.170195737374318));
#3630=CARTESIAN_POINT('Ctrl Pts',(-7.7756320167534,-7.02052320716541,-0.170196591242915));
#3631=CARTESIAN_POINT('Ctrl Pts',(-7.77563211395624,-7.01784602006604,-0.170197236671215));
#3632=CARTESIAN_POINT('Ctrl Pts',(-7.77563218086046,-7.01517442894321,-0.170197680912086));
#3633=CARTESIAN_POINT('Ctrl Pts',(-7.77563221855706,-7.01250839493062,-0.170197931221392));
#3634=CARTESIAN_POINT('Ctrl Pts',(-7.775637923323,-5.428732363983,-0.170235810864));
#3635=CARTESIAN_POINT('Ctrl Pts',(-7.775632573944,-3.881059259857,-0.170200290986));
#3636=CARTESIAN_POINT('Ctrl Pts',(-7.77563534217,-2.327039946724,-0.170218672011));
#3637=CARTESIAN_POINT('Ctrl Pts',(-7.775634974843,-0.77874172956,-0.170216232958));
#3638=CARTESIAN_POINT('Ctrl Pts',(-7.775634964667,0.778743982217,-0.170216165388));
#3639=CARTESIAN_POINT('Ctrl Pts',(-7.77563535035,2.327073836171,-0.170218726323));
#3640=CARTESIAN_POINT('Ctrl Pts',(-7.77563258081,3.881041156677,-0.17020033658));
#3641=CARTESIAN_POINT('Ctrl Pts',(-7.77563786486,5.428697679773,-0.170235422673));
#3642=CARTESIAN_POINT('Ctrl Pts',(-7.77563231135903,7.01195882842002,-0.170198547422186));
#3643=CARTESIAN_POINT('Ctrl Pts',(-7.77563226785726,7.01469032447189,-0.170198258571697));
#3644=CARTESIAN_POINT('Ctrl Pts',(-7.7756321889507,7.01742833439443,-0.170197734630617));
#3645=CARTESIAN_POINT('Ctrl Pts',(-7.77563207317636,7.02017287937445,-0.170196965892033));
#3646=CARTESIAN_POINT('Ctrl Pts',(-7.77563191907327,7.02292398059276,-0.170195942646029));
#3647=CARTESIAN_POINT('Ctrl Pts',(-7.77563172517842,7.02568165923818,-0.170194655187692));
#3648=CARTESIAN_POINT('Ctrl Pts',(-7.77563149003083,7.02844593648852,-0.170193093807107));
#3649=CARTESIAN_POINT('Ctrl Pts',(-7.77563121216853,7.0312168335316,-0.170191248798359));
#3650=CARTESIAN_POINT('Ctrl Pts',(-7.77563089012852,7.03399437155022,-0.170189110451535));
#3651=CARTESIAN_POINT('Origin',(7.75,0.,0.));
#3652=CARTESIAN_POINT('',(9.40662650602406,8.6649899107631,-11.));
#3653=CARTESIAN_POINT('',(7.77563249831897,7.03399590305786,-0.170199788837745));
#3654=CARTESIAN_POINT('',(9.40662650602406,-8.6649899107631,-11.));
#3655=CARTESIAN_POINT('',(7.77563089337702,-7.0339942981159,-0.170189132023171));
#3656=CARTESIAN_POINT('',(9.4066265060241,0.,-11.));
#3657=CARTESIAN_POINT('Origin',(6.9318634047374,6.9318634047374,0.396267741676859));
#3658=CARTESIAN_POINT('',(8.6649899107631,9.40662650602406,-11.));
#3659=CARTESIAN_POINT('',(7.0339942981159,7.77563089337702,-0.170189132023171));
#3660=CARTESIAN_POINT('Origin',(8.64816878752157,8.64816878751858,-11.));
#3661=CARTESIAN_POINT('Origin',(6.9318634047374,-6.9318634047374,0.396267741676859));
#3662=CARTESIAN_POINT('',(8.6649899107631,-9.40662650602406,-11.));
#3663=CARTESIAN_POINT('',(7.03399445036287,-7.77563104562398,-0.170190142943019));
#3664=CARTESIAN_POINT('Origin',(8.64816878751858,-8.64816878752157,-11.));
#3665=CARTESIAN_POINT('Origin',(0.,7.75,0.));
#3666=CARTESIAN_POINT('',(-8.6649899107631,9.40662650602406,-11.));
#3667=CARTESIAN_POINT('',(-7.03399445036287,7.77563104562398,-0.170190142943019));
#3668=CARTESIAN_POINT('',(0.,9.4066265060241,-11.));
#3669=CARTESIAN_POINT('Origin',(0.,-7.75,0.));
#3670=CARTESIAN_POINT('',(-8.6649899107631,-9.40662650602406,-11.));
#3671=CARTESIAN_POINT('',(-7.03399430520852,-7.77563090046963,-0.170189179118136));
#3672=CARTESIAN_POINT('',(0.,-9.4066265060241,-11.));
#3673=CARTESIAN_POINT('Origin',(-6.9318634047374,6.9318634047374,0.396267741676859));
#3674=CARTESIAN_POINT('',(-9.40662650602406,8.6649899107631,-11.));
#3675=CARTESIAN_POINT('',(-7.77563089337702,7.0339942981159,-0.170189132023171));
#3676=CARTESIAN_POINT('Origin',(-8.64816878751858,8.64816878752157,-11.));
#3677=CARTESIAN_POINT('Origin',(-6.9318634047374,-6.9318634047374,0.396267741676859));
#3678=CARTESIAN_POINT('',(-9.40662650602406,-8.6649899107631,-11.));
#3679=CARTESIAN_POINT('',(-7.77563103801057,-7.03399444274946,-0.170190092389991));
#3680=CARTESIAN_POINT('Origin',(-8.64816878751858,-8.64816878752157,-11.));
#3681=CARTESIAN_POINT('Origin',(-7.75,0.,0.));
#3682=CARTESIAN_POINT('',(-9.4066265060241,0.,-11.));
#3683=CARTESIAN_POINT('Origin',(0.,0.,-11.));
#3684=CARTESIAN_POINT('',(8.39534954802112,2.,-11.));
#3685=CARTESIAN_POINT('',(8.39534954801909,8.39534954801909,-11.));
#3686=CARTESIAN_POINT('',(8.39534954802221,-4.E-17,-11.));
#3687=CARTESIAN_POINT('',(2.,8.39534954802112,-11.));
#3688=CARTESIAN_POINT('',(-1.6E-16,8.39534954802221,-11.));
#3689=CARTESIAN_POINT('',(2.,3.987613964497,-11.));
#3690=CARTESIAN_POINT('',(-2.,8.39534954802112,-11.));
#3691=CARTESIAN_POINT('',(-2.,3.987613964497,-11.));
#3692=CARTESIAN_POINT('',(-8.39534954801909,8.39534954801909,-11.));
#3693=CARTESIAN_POINT('',(-1.6E-16,8.39534954802221,-11.));
#3694=CARTESIAN_POINT('',(-8.39534954802112,2.,-11.));
#3695=CARTESIAN_POINT('',(-8.39534954802221,1.E-17,-11.));
#3696=CARTESIAN_POINT('',(-3.987613964497,2.,-11.));
#3697=CARTESIAN_POINT('',(-8.39534954802112,-2.,-11.));
#3698=CARTESIAN_POINT('',(-3.987613964497,-2.,-11.));
#3699=CARTESIAN_POINT('',(-8.39534954801909,-8.39534954801909,-11.));
#3700=CARTESIAN_POINT('',(-8.39534954802221,1.E-17,-11.));
#3701=CARTESIAN_POINT('',(-2.,-8.39534954802112,-11.));
#3702=CARTESIAN_POINT('',(0.,-8.39534954802221,-11.));
#3703=CARTESIAN_POINT('',(-2.,-3.987613964497,-11.));
#3704=CARTESIAN_POINT('',(2.,-8.39534954802112,-11.));
#3705=CARTESIAN_POINT('',(2.,-3.987613964497,-11.));
#3706=CARTESIAN_POINT('',(8.39534954801909,-8.39534954801909,-11.));
#3707=CARTESIAN_POINT('',(0.,-8.39534954802221,-11.));
#3708=CARTESIAN_POINT('',(8.39534954802112,-2.,-11.));
#3709=CARTESIAN_POINT('',(8.39534954802221,-4.E-17,-11.));
#3710=CARTESIAN_POINT('',(3.987613964497,-2.,-11.));
#3711=CARTESIAN_POINT('',(3.987613964497,2.,-11.));
#3712=CARTESIAN_POINT('Origin',(7.975227928994,2.,-7.624506471568));
#3713=CARTESIAN_POINT('',(8.011313403442,2.,-8.45));
#3714=CARTESIAN_POINT('Origin',(7.975227928994,-2.,-7.624506471568));
#3715=CARTESIAN_POINT('',(8.011313403442,-2.,-8.45));
#3716=CARTESIAN_POINT('Origin',(2.,-7.975227928994,-7.624506471568));
#3717=CARTESIAN_POINT('',(2.,-8.011313403442,-8.45));
#3718=CARTESIAN_POINT('Origin',(-2.,-7.975227928994,-7.624506471568));
#3719=CARTESIAN_POINT('',(-2.,-8.011313403442,-8.45));
#3720=CARTESIAN_POINT('Origin',(-7.975227928994,-2.,-7.624506471568));
#3721=CARTESIAN_POINT('',(-8.011313403442,-2.,-8.45));
#3722=CARTESIAN_POINT('Origin',(-7.975227928994,2.,-7.624506471568));
#3723=CARTESIAN_POINT('',(-8.011313403442,2.,-8.45));
#3724=CARTESIAN_POINT('Origin',(-2.,7.975227928994,-7.624506471568));
#3725=CARTESIAN_POINT('',(-2.,8.011313403442,-8.45));
#3726=CARTESIAN_POINT('Origin',(2.,7.975227928994,-7.624506471568));
#3727=CARTESIAN_POINT('',(2.,8.011313403442,-8.45));
#3728=CARTESIAN_POINT('Origin',(7.471683330079,-8.E-17,-4.86685631287));
#3729=CARTESIAN_POINT('',(6.889325451635,-6.889325451635,-1.));
#3730=CARTESIAN_POINT('',(7.225894853338,-7.225894853338,-3.234820827308));
#3731=CARTESIAN_POINT('',(6.889325451635,6.889325451635,-1.));
#3732=CARTESIAN_POINT('',(6.889325451635,0.,-1.));
#3733=CARTESIAN_POINT('',(7.225894853338,7.225894853338,-3.234820827308));
#3734=CARTESIAN_POINT('',(7.687518222719,2.,-6.3));
#3735=CARTESIAN_POINT('',(7.687518222719,-2.,-6.3));
#3736=CARTESIAN_POINT('',(7.687518222719,2.,-6.3));
#3737=CARTESIAN_POINT('',(7.928482078141,-2.,-7.9));
#3738=CARTESIAN_POINT('',(7.928482078141,-2.,-7.9));
#3739=CARTESIAN_POINT('',(7.928482078141,2.,-7.9));
#3740=CARTESIAN_POINT('',(7.928482078141,2.,-7.9));
#3741=CARTESIAN_POINT('',(7.928482078141,2.,-7.9));
#3742=CARTESIAN_POINT('Origin',(0.,0.,-1.));
#3743=CARTESIAN_POINT('',(-6.889325451635,6.889325451635,-1.));
#3744=CARTESIAN_POINT('',(0.,6.889325451635,-1.));
#3745=CARTESIAN_POINT('',(-6.889325451635,-6.889325451635,-1.));
#3746=CARTESIAN_POINT('',(0.,-6.889325451635,-1.));
#3747=CARTESIAN_POINT('',(-6.889325451635,0.,-1.));
#3748=CARTESIAN_POINT('Origin',(7.687518222719,2.,-6.3));
#3749=CARTESIAN_POINT('',(7.5,2.,-7.9));
#3750=CARTESIAN_POINT('',(7.687518222719,2.,-6.3));
#3751=CARTESIAN_POINT('',(7.5,-2.,-7.9));
#3752=CARTESIAN_POINT('',(7.5,2.,-7.9));
#3753=CARTESIAN_POINT('',(7.687518222719,-2.,-6.3));
#3754=CARTESIAN_POINT('Origin',(7.975227928994,-2.,-7.624506471568));
#3755=CARTESIAN_POINT('',(7.5,-2.,-7.9));
#3756=CARTESIAN_POINT('Origin',(7.5,2.,-7.9));
#3757=CARTESIAN_POINT('',(7.5,2.,-7.9));
#3758=CARTESIAN_POINT('Origin',(7.975227928994,2.,-7.624506471568));
#3759=CARTESIAN_POINT('Origin',(0.,-7.471683330079,-4.86685631287));
#3760=CARTESIAN_POINT('',(-7.225894853338,-7.225894853338,-3.234820827308));
#3761=CARTESIAN_POINT('',(2.,-7.687518222719,-6.3));
#3762=CARTESIAN_POINT('',(-2.,-7.687518222719,-6.3));
#3763=CARTESIAN_POINT('',(2.,-7.687518222719,-6.3));
#3764=CARTESIAN_POINT('',(-2.,-7.928482078141,-7.9));
#3765=CARTESIAN_POINT('',(-2.,-7.928482078141,-7.9));
#3766=CARTESIAN_POINT('',(2.,-7.928482078141,-7.9));
#3767=CARTESIAN_POINT('',(2.,-7.928482078141,-7.9));
#3768=CARTESIAN_POINT('',(2.,-7.928482078141,-7.9));
#3769=CARTESIAN_POINT('Origin',(2.,-7.687518222719,-6.3));
#3770=CARTESIAN_POINT('',(2.,-7.5,-7.9));
#3771=CARTESIAN_POINT('',(2.,-7.687518222719,-6.3));
#3772=CARTESIAN_POINT('',(-2.,-7.5,-7.9));
#3773=CARTESIAN_POINT('',(2.,-7.5,-7.9));
#3774=CARTESIAN_POINT('',(-2.,-7.687518222719,-6.3));
#3775=CARTESIAN_POINT('Origin',(-2.,-7.975227928994,-7.624506471568));
#3776=CARTESIAN_POINT('',(-2.,-7.5,-7.9));
#3777=CARTESIAN_POINT('Origin',(2.,-7.5,-7.9));
#3778=CARTESIAN_POINT('',(2.,-7.5,-7.9));
#3779=CARTESIAN_POINT('Origin',(2.,-7.975227928994,-7.624506471568));
#3780=CARTESIAN_POINT('Origin',(-7.471683330079,2.E-17,-4.86685631287));
#3781=CARTESIAN_POINT('',(-7.225894853338,7.225894853338,-3.234820827308));
#3782=CARTESIAN_POINT('',(-7.687518222719,-2.,-6.3));
#3783=CARTESIAN_POINT('',(-7.687518222719,2.,-6.3));
#3784=CARTESIAN_POINT('',(-7.687518222719,-2.,-6.3));
#3785=CARTESIAN_POINT('',(-7.928482078141,2.,-7.9));
#3786=CARTESIAN_POINT('',(-7.928482078141,2.,-7.9));
#3787=CARTESIAN_POINT('',(-7.928482078141,-2.,-7.9));
#3788=CARTESIAN_POINT('',(-7.928482078141,-2.,-7.9));
#3789=CARTESIAN_POINT('',(-7.928482078141,-2.,-7.9));
#3790=CARTESIAN_POINT('Origin',(-7.687518222719,-2.,-6.3));
#3791=CARTESIAN_POINT('',(-7.5,-2.,-7.9));
#3792=CARTESIAN_POINT('',(-7.687518222719,-2.,-6.3));
#3793=CARTESIAN_POINT('',(-7.5,2.,-7.9));
#3794=CARTESIAN_POINT('',(-7.5,-2.,-7.9));
#3795=CARTESIAN_POINT('',(-7.687518222719,2.,-6.3));
#3796=CARTESIAN_POINT('Origin',(-7.975227928994,2.,-7.624506471568));
#3797=CARTESIAN_POINT('',(-7.5,2.,-7.9));
#3798=CARTESIAN_POINT('Origin',(-7.5,-2.,-7.9));
#3799=CARTESIAN_POINT('',(-7.5,-2.,-7.9));
#3800=CARTESIAN_POINT('Origin',(-7.975227928994,-2.,-7.624506471568));
#3801=CARTESIAN_POINT('Origin',(-3.2E-16,7.471683330079,-4.86685631287));
#3802=CARTESIAN_POINT('',(-2.,7.687518222719,-6.3));
#3803=CARTESIAN_POINT('',(2.,7.687518222719,-6.3));
#3804=CARTESIAN_POINT('',(-2.,7.687518222719,-6.3));
#3805=CARTESIAN_POINT('',(2.,7.928482078141,-7.9));
#3806=CARTESIAN_POINT('',(2.,7.928482078141,-7.9));
#3807=CARTESIAN_POINT('',(-2.,7.928482078141,-7.9));
#3808=CARTESIAN_POINT('',(-2.,7.928482078141,-7.9));
#3809=CARTESIAN_POINT('',(-2.,7.928482078141,-7.9));
#3810=CARTESIAN_POINT('Origin',(-2.,7.687518222719,-6.3));
#3811=CARTESIAN_POINT('',(-2.,7.5,-7.9));
#3812=CARTESIAN_POINT('',(-2.,7.687518222719,-6.3));
#3813=CARTESIAN_POINT('',(2.,7.5,-7.9));
#3814=CARTESIAN_POINT('',(-2.,7.5,-7.9));
#3815=CARTESIAN_POINT('',(2.,7.687518222719,-6.3));
#3816=CARTESIAN_POINT('Origin',(2.,7.975227928994,-7.624506471568));
#3817=CARTESIAN_POINT('',(2.,7.5,-7.9));
#3818=CARTESIAN_POINT('Origin',(-2.,7.5,-7.9));
#3819=CARTESIAN_POINT('',(-2.,7.5,-7.9));
#3820=CARTESIAN_POINT('Origin',(-2.,7.975227928994,-7.624506471568));
#3821=CARTESIAN_POINT('',(0.,0.,0.));
#3822=CARTESIAN_POINT('Origin',(2.5,2.,-2.));
#3823=CARTESIAN_POINT('',(3.,2.,-7.6));
#3824=CARTESIAN_POINT('',(2.5,2.5,-7.6));
#3825=CARTESIAN_POINT('Origin',(2.5,2.,-7.6));
#3826=CARTESIAN_POINT('',(2.5,2.5,-2.));
#3827=CARTESIAN_POINT('',(2.5,2.5,-2.));
#3828=CARTESIAN_POINT('',(3.,2.,-2.));
#3829=CARTESIAN_POINT('Origin',(2.5,2.,-2.));
#3830=CARTESIAN_POINT('',(3.,2.,-2.));
#3831=CARTESIAN_POINT('Origin',(3.,2.5,-2.));
#3832=CARTESIAN_POINT('',(3.,-2.,-2.));
#3833=CARTESIAN_POINT('',(3.,1.25,-2.));
#3834=CARTESIAN_POINT('',(3.,-2.,-7.6));
#3835=CARTESIAN_POINT('',(3.,-2.,-2.));
#3836=CARTESIAN_POINT('',(3.,-2.5,-7.6));
#3837=CARTESIAN_POINT('Origin',(-2.50000004470348,2.,-2.));
#3838=CARTESIAN_POINT('',(-2.50000004470348,2.5,-7.6));
#3839=CARTESIAN_POINT('',(-3.00000004470348,2.,-7.6));
#3840=CARTESIAN_POINT('Origin',(-2.50000004470348,2.,-7.6));
#3841=CARTESIAN_POINT('',(-3.00000004470348,2.,-2.));
#3842=CARTESIAN_POINT('',(-3.00000004470348,2.,-2.));
#3843=CARTESIAN_POINT('',(-2.50000004470348,2.5,-2.));
#3844=CARTESIAN_POINT('Origin',(-2.50000004470348,2.,-2.));
#3845=CARTESIAN_POINT('',(-2.50000004470348,2.5,-2.));
#3846=CARTESIAN_POINT('Origin',(-3.00000004470348,2.5,-2.));
#3847=CARTESIAN_POINT('',(3.,2.5,-7.6));
#3848=CARTESIAN_POINT('',(-1.3E-16,2.5,-2.));
#3849=CARTESIAN_POINT('Origin',(-2.50000004470348,-2.,-2.));
#3850=CARTESIAN_POINT('',(-3.00000004470348,-2.,-7.6));
#3851=CARTESIAN_POINT('',(-2.50000004470348,-2.5,-7.6));
#3852=CARTESIAN_POINT('Origin',(-2.50000004470348,-2.,-7.6));
#3853=CARTESIAN_POINT('',(-2.50000004470348,-2.5,-2.));
#3854=CARTESIAN_POINT('',(-2.50000004470348,-2.5,-2.));
#3855=CARTESIAN_POINT('',(-3.00000004470348,-2.,-2.));
#3856=CARTESIAN_POINT('Origin',(-2.50000004470348,-2.,-2.));
#3857=CARTESIAN_POINT('',(-3.00000004470348,-2.,-2.));
#3858=CARTESIAN_POINT('Origin',(-3.00000004470348,-2.5,-2.));
#3859=CARTESIAN_POINT('',(-3.00000004470348,2.5,-7.6));
#3860=CARTESIAN_POINT('',(-3.00000004470348,-1.25,-2.));
#3861=CARTESIAN_POINT('Origin',(2.5,-2.,-2.));
#3862=CARTESIAN_POINT('',(2.5,-2.5,-7.6));
#3863=CARTESIAN_POINT('Origin',(2.5,-2.,-7.6));
#3864=CARTESIAN_POINT('',(2.5,-2.5,-2.));
#3865=CARTESIAN_POINT('Origin',(2.5,-2.,-2.));
#3866=CARTESIAN_POINT('',(2.5,-2.5,-2.));
#3867=CARTESIAN_POINT('Origin',(3.,-2.5,-2.));
#3868=CARTESIAN_POINT('',(-3.00000004470348,-2.5,-7.6));
#3869=CARTESIAN_POINT('',(-1.3E-16,-2.5,-2.));
#3870=CARTESIAN_POINT('Origin',(-1.3E-16,6.57517845195672,-1.19994407680509));
#3871=CARTESIAN_POINT('',(6.03046138412143,6.57517845195672,-1.));
#3872=CARTESIAN_POINT('',(6.03046138412143,6.77318186698399,-1.1721541238188));
#3873=CARTESIAN_POINT('Origin',(6.03046138412143,6.57517845195672,-1.19994407680509));
#3874=CARTESIAN_POINT('',(-6.03046138412143,6.77318186698399,-1.1721541238188));
#3875=CARTESIAN_POINT('',(-1.3E-16,6.77318186698399,-1.17215412381881));
#3876=CARTESIAN_POINT('',(-6.03046138412143,6.57517845195672,-1.));
#3877=CARTESIAN_POINT('Origin',(-6.03046138412143,6.57517845195672,-1.19994407680509));
#3878=CARTESIAN_POINT('',(-1.3E-16,6.57517845195672,-1.));
#3879=CARTESIAN_POINT('Origin',(6.57517845195672,1.3E-16,-1.1999440768051));
#3880=CARTESIAN_POINT('',(6.57517845195672,-6.03046138412143,-1.));
#3881=CARTESIAN_POINT('',(6.77318186698399,-6.03046138412143,-1.17215412381881));
#3882=CARTESIAN_POINT('Origin',(6.57517845195672,-6.03046138412143,-1.1999440768051));
#3883=CARTESIAN_POINT('',(6.77318186698399,6.03046138412143,-1.17215412381881));
#3884=CARTESIAN_POINT('',(6.77318186698399,1.3E-16,-1.17215412381881));
#3885=CARTESIAN_POINT('',(6.57517845195672,6.03046138412143,-1.));
#3886=CARTESIAN_POINT('Origin',(6.57517845195672,6.03046138412143,-1.1999440768051));
#3887=CARTESIAN_POINT('',(6.57517845195672,1.3E-16,-1.));
#3888=CARTESIAN_POINT('Ctrl Pts',(6.57517845195671,-6.03046138412143,-1.));
#3889=CARTESIAN_POINT('Ctrl Pts',(6.57517845195671,-6.15354749225035,-1.));
#3890=CARTESIAN_POINT('Ctrl Pts',(6.47648071472451,-6.43951151213517,-1.));
#3891=CARTESIAN_POINT('Ctrl Pts',(6.19457619495999,-6.57517845195672,-1.));
#3892=CARTESIAN_POINT('Ctrl Pts',(6.03046138412143,-6.57517845195672,-1.));
#3893=CARTESIAN_POINT('Ctrl Pts',(6.62969106299006,-6.03046138412143,-1.));
#3894=CARTESIAN_POINT('Ctrl Pts',(6.62851165792841,-6.1656679903211,-1.00003692645204));
#3895=CARTESIAN_POINT('Ctrl Pts',(6.51857704795935,-6.47825662747247,-0.999992282371084));
#3896=CARTESIAN_POINT('Ctrl Pts',(6.21073685905433,-6.62811852290786,-1.00004923526939));
#3897=CARTESIAN_POINT('Ctrl Pts',(6.03046138412143,-6.62969106299006,-1.));
#3898=CARTESIAN_POINT('Ctrl Pts',(6.72441416604362,-6.03046138412143,-1.04123141471267));
#3899=CARTESIAN_POINT('Ctrl Pts',(6.72130056905357,-6.18660823873738,-1.03937079276284));
#3900=CARTESIAN_POINT('Ctrl Pts',(6.59188392990803,-6.54565907664787,-1.03670258860035));
#3901=CARTESIAN_POINT('Ctrl Pts',(6.23865719027603,-6.72026270339022,-1.03875058544623));
#3902=CARTESIAN_POINT('Ctrl Pts',(6.03046138412143,-6.72441416604362,-1.04123141471267));
#3903=CARTESIAN_POINT('Ctrl Pts',(6.7674993922066,-6.03046138412143,-1.13166649102995));
#3904=CARTESIAN_POINT('Ctrl Pts',(6.76552718827149,-6.19620578044605,-1.1266538938887));
#3905=CARTESIAN_POINT('Ctrl Pts',(6.62947193347781,-6.57986881391471,-1.11916510585579));
#3906=CARTESIAN_POINT('Ctrl Pts',(6.25145391255425,-6.76486978695978,-1.12498302817495));
#3907=CARTESIAN_POINT('Ctrl Pts',(6.03046138412143,-6.7674993922066,-1.13166649102995));
#3908=CARTESIAN_POINT('Ctrl Pts',(6.77318186698399,-6.03046138412143,-1.17215412381881));
#3909=CARTESIAN_POINT('Ctrl Pts',(6.77233393766814,-6.19744108324117,-1.16611262744338));
#3910=CARTESIAN_POINT('Ctrl Pts',(6.63646973660773,-6.58606231297527,-1.1569209437913));
#3911=CARTESIAN_POINT('Ctrl Pts',(6.25310098294775,-6.77205129456285,-1.16409879531823));
#3912=CARTESIAN_POINT('Ctrl Pts',(6.03046138412143,-6.77318186698399,-1.17215412381881));
#3913=CARTESIAN_POINT('',(6.03046138412143,-6.57517845195671,-1.));
#3914=CARTESIAN_POINT('',(6.03046138412143,-6.77318186698399,-1.17215412381881));
#3915=CARTESIAN_POINT('Origin',(6.03046138412143,-6.57517845195672,-1.1999440768051));
#3916=CARTESIAN_POINT('Origin',(6.01973134646632,-6.01973134646632,-1.1999440768051));
#3917=CARTESIAN_POINT('Origin',(6.01973134646631,-6.01973134646632,-1.));
#3918=CARTESIAN_POINT('Ctrl Pts',(6.03046138412143,6.57517845195672,-1.));
#3919=CARTESIAN_POINT('Ctrl Pts',(6.15354749225035,6.57517845195672,-1.));
#3920=CARTESIAN_POINT('Ctrl Pts',(6.43951151213518,6.47648071472452,-1.));
#3921=CARTESIAN_POINT('Ctrl Pts',(6.57517845195672,6.19457619495999,-1.));
#3922=CARTESIAN_POINT('Ctrl Pts',(6.57517845195672,6.03046138412142,-1.));
#3923=CARTESIAN_POINT('Ctrl Pts',(6.03046138412143,6.62969106299006,-1.));
#3924=CARTESIAN_POINT('Ctrl Pts',(6.1656679903211,6.62851165792841,-1.00003692645204));
#3925=CARTESIAN_POINT('Ctrl Pts',(6.47825662747248,6.51857704795935,-0.999992282371084));
#3926=CARTESIAN_POINT('Ctrl Pts',(6.62811852290786,6.21073685905433,-1.00004923526939));
#3927=CARTESIAN_POINT('Ctrl Pts',(6.62969106299006,6.03046138412142,-1.));
#3928=CARTESIAN_POINT('Ctrl Pts',(6.03046138412142,6.72441416604362,-1.04123141471267));
#3929=CARTESIAN_POINT('Ctrl Pts',(6.18660823873738,6.72130056905357,-1.03937079276284));
#3930=CARTESIAN_POINT('Ctrl Pts',(6.54565907664787,6.59188392990803,-1.03670258860035));
#3931=CARTESIAN_POINT('Ctrl Pts',(6.72026270339022,6.23865719027603,-1.03875058544623));
#3932=CARTESIAN_POINT('Ctrl Pts',(6.72441416604362,6.03046138412142,-1.04123141471267));
#3933=CARTESIAN_POINT('Ctrl Pts',(6.03046138412143,6.7674993922066,-1.13166649102995));
#3934=CARTESIAN_POINT('Ctrl Pts',(6.19620578044605,6.76552718827149,-1.12665389388869));
#3935=CARTESIAN_POINT('Ctrl Pts',(6.57986881391471,6.62947193347782,-1.11916510585579));
#3936=CARTESIAN_POINT('Ctrl Pts',(6.76486978695978,6.25145391255425,-1.12498302817494));
#3937=CARTESIAN_POINT('Ctrl Pts',(6.7674993922066,6.03046138412142,-1.13166649102995));
#3938=CARTESIAN_POINT('Ctrl Pts',(6.03046138412143,6.77318186698399,-1.1721541238188));
#3939=CARTESIAN_POINT('Ctrl Pts',(6.19744108324117,6.77233393766813,-1.16611262744337));
#3940=CARTESIAN_POINT('Ctrl Pts',(6.58606231297527,6.63646973660773,-1.15692094379129));
#3941=CARTESIAN_POINT('Ctrl Pts',(6.77205129456285,6.25310098294775,-1.16409879531823));
#3942=CARTESIAN_POINT('Ctrl Pts',(6.77318186698399,6.03046138412142,-1.1721541238188));
#3943=CARTESIAN_POINT('Origin',(6.01973134646632,6.01973134646631,-1.19994407680509));
#3944=CARTESIAN_POINT('Origin',(6.01973134646631,6.01973134646631,-1.));
#3945=CARTESIAN_POINT('Origin',(-1.3E-16,-6.57517833917864,-1.19994420651702));
#3946=CARTESIAN_POINT('',(-6.0304613997963,-6.57517833917864,-1.));
#3947=CARTESIAN_POINT('',(-6.0304613997963,-6.77318188265886,-1.17215423550226));
#3948=CARTESIAN_POINT('Origin',(-6.0304613997963,-6.57517833917864,-1.19994420651702));
#3949=CARTESIAN_POINT('',(-1.3E-16,-6.77318188265886,-1.17215423550226));
#3950=CARTESIAN_POINT('',(-1.3E-16,-6.57517833917864,-1.));
#3951=CARTESIAN_POINT('Ctrl Pts',(-6.0304613997963,-6.57517833917864,-1.));
#3952=CARTESIAN_POINT('Ctrl Pts',(-6.15354747889956,-6.57517833917864,-1.));
#3953=CARTESIAN_POINT('Ctrl Pts',(-6.43951143134843,-6.47648062521965,-1.));
#3954=CARTESIAN_POINT('Ctrl Pts',(-6.57517833917864,-6.19457617193398,-1.));
#3955=CARTESIAN_POINT('Ctrl Pts',(-6.57517833917864,-6.0304613997963,-1.));
#3956=CARTESIAN_POINT('Ctrl Pts',(-6.0304613997963,-6.62969098557656,-1.));
#3957=CARTESIAN_POINT('Ctrl Pts',(-6.16566798483337,-6.62851157974977,-1.000036926476));
#3958=CARTESIAN_POINT('Ctrl Pts',(-6.47825657182134,-6.51857698576408,-0.999992282366383));
#3959=CARTESIAN_POINT('Ctrl Pts',(-6.62811844447418,-6.2107368465124,-1.00004923530133));
#3960=CARTESIAN_POINT('Ctrl Pts',(-6.62969098557656,-6.0304613997963,-1.));
#3961=CARTESIAN_POINT('Ctrl Pts',(-6.0304613997963,-6.72441415008054,-1.04123144146152));
#3962=CARTESIAN_POINT('Ctrl Pts',(-6.18660824683445,-6.72130055107057,-1.03937081830463));
#3963=CARTESIAN_POINT('Ctrl Pts',(-6.545659064723,-6.59188391526956,-1.03670261241103));
#3964=CARTESIAN_POINT('Ctrl Pts',(-6.72026268473391,-6.23865719584717,-1.03875061058566));
#3965=CARTESIAN_POINT('Ctrl Pts',(-6.72441415008054,-6.03046139979629,-1.04123144146152));
#3966=CARTESIAN_POINT('Ctrl Pts',(-6.0304613997963,-6.76749940419502,-1.13166657644741));
#3967=CARTESIAN_POINT('Ctrl Pts',(-6.19620579476944,-6.76552719898045,-1.12665397605428));
#3968=CARTESIAN_POINT('Ctrl Pts',(-6.57986882418329,-6.62947194322431,-1.11916518316312));
#3969=CARTESIAN_POINT('Ctrl Pts',(-6.76486979724226,-6.25145392642715,-1.12498310925657));
#3970=CARTESIAN_POINT('Ctrl Pts',(-6.76749940419502,-6.0304613997963,-1.13166657644741));
#3971=CARTESIAN_POINT('Ctrl Pts',(-6.0304613997963,-6.77318188265886,-1.17215423550226));
#3972=CARTESIAN_POINT('Ctrl Pts',(-6.19744109836595,-6.77233395279292,-1.16611273520746));
#3973=CARTESIAN_POINT('Ctrl Pts',(-6.58606232726168,-6.63646975089386,-1.15692104559247));
#3974=CARTESIAN_POINT('Ctrl Pts',(-6.77205130950427,-6.25310099788917,-1.16409890177586));
#3975=CARTESIAN_POINT('Ctrl Pts',(-6.77318188265886,-6.0304613997963,-1.17215423550226));
#3976=CARTESIAN_POINT('',(-6.57517833917864,-6.0304613997963,-1.));
#3977=CARTESIAN_POINT('',(-6.77318188265886,-6.0304613997963,-1.17215423550226));
#3978=CARTESIAN_POINT('Origin',(-6.57517833917864,-6.0304613997963,-1.19994420651702));
#3979=CARTESIAN_POINT('Origin',(-6.0197313646715,-6.0197313646715,-1.19994420651703));
#3980=CARTESIAN_POINT('Origin',(-6.0197313646715,-6.0197313646715,-1.));
#3981=CARTESIAN_POINT('Origin',(-6.57517845226362,1.3E-16,-1.19994407645211));
#3982=CARTESIAN_POINT('',(-6.57517845226362,6.03046138407877,-1.));
#3983=CARTESIAN_POINT('',(-6.77318186694133,6.03046138407877,-1.17215412351489));
#3984=CARTESIAN_POINT('Origin',(-6.57517845226362,6.03046138407877,-1.19994407645211));
#3985=CARTESIAN_POINT('',(-6.77318186694133,1.3E-16,-1.17215412351489));
#3986=CARTESIAN_POINT('',(-6.57517845226362,1.3E-16,-1.));
#3987=CARTESIAN_POINT('Ctrl Pts',(-6.57517845226362,6.03046138407877,-1.));
#3988=CARTESIAN_POINT('Ctrl Pts',(-6.57517845226362,6.15354749228668,-1.));
#3989=CARTESIAN_POINT('Ctrl Pts',(-6.47648071496809,6.43951151235501,-1.));
#3990=CARTESIAN_POINT('Ctrl Pts',(-6.19457619502265,6.57517845226362,-1.));
#3991=CARTESIAN_POINT('Ctrl Pts',(-6.03046138407877,6.57517845226362,-1.));
#3992=CARTESIAN_POINT('Ctrl Pts',(-6.62969106320073,6.03046138407877,-1.));
#3993=CARTESIAN_POINT('Ctrl Pts',(-6.62851165814116,6.16566799033603,-1.00003692645198));
#3994=CARTESIAN_POINT('Ctrl Pts',(-6.51857704812861,6.47825662762392,-0.999992282371096));
#3995=CARTESIAN_POINT('Ctrl Pts',(-6.21073685908846,6.6281185231213,-1.0000492352693));
#3996=CARTESIAN_POINT('Ctrl Pts',(-6.03046138407877,6.62969106320072,-1.));
#3997=CARTESIAN_POINT('Ctrl Pts',(-6.72441416608706,6.03046138407877,-1.04123141463988));
#3998=CARTESIAN_POINT('Ctrl Pts',(-6.7213005691025,6.18660823871534,-1.03937079269334));
#3999=CARTESIAN_POINT('Ctrl Pts',(-6.59188392994787,6.54565907668031,-1.03670258853556));
#4000=CARTESIAN_POINT('Ctrl Pts',(-6.23865719026087,6.72026270344099,-1.03875058537782));
#4001=CARTESIAN_POINT('Ctrl Pts',(-6.03046138407877,6.72441416608706,-1.04123141463988));
#4002=CARTESIAN_POINT('Ctrl Pts',(-6.76749939217398,6.03046138407877,-1.13166649079751));
#4003=CARTESIAN_POINT('Ctrl Pts',(-6.76552718824234,6.19620578040707,-1.1266538936651));
#4004=CARTESIAN_POINT('Ctrl Pts',(-6.62947193345129,6.57986881388676,-1.11916510564542));
#4005=CARTESIAN_POINT('Ctrl Pts',(-6.2514539125165,6.7648697869318,-1.1249830279543));
#4006=CARTESIAN_POINT('Ctrl Pts',(-6.03046138407877,6.76749939217398,-1.13166649079751));
#4007=CARTESIAN_POINT('Ctrl Pts',(-6.77318186694133,6.03046138407877,-1.17215412351489));
#4008=CARTESIAN_POINT('Ctrl Pts',(-6.77233393762698,6.19744108320001,-1.16611262715012));
#4009=CARTESIAN_POINT('Ctrl Pts',(-6.63646973656885,6.58606231293639,-1.15692094351426));
#4010=CARTESIAN_POINT('Ctrl Pts',(-6.2531009829071,6.77205129452219,-1.16409879502853));
#4011=CARTESIAN_POINT('Ctrl Pts',(-6.03046138407877,6.77318186694133,-1.17215412351489));
#4012=CARTESIAN_POINT('Origin',(-6.01973134641677,6.01973134641677,-1.19994407645211));
#4013=CARTESIAN_POINT('Origin',(-6.01973134641677,6.01973134641677,-1.));
#4014=CARTESIAN_POINT('Origin',(-6.67922198568136,6.67922198568135,-5.89881488121225));
#4015=CARTESIAN_POINT('',(-6.80629940183107,7.54901988469363,-6.7));
#4016=CARTESIAN_POINT('',(-6.67922198568136,7.42194246854392,-5.7945734099333));
#4017=CARTESIAN_POINT('',(-7.54901988469363,6.80629940183107,-6.7));
#4018=CARTESIAN_POINT('Origin',(-6.79166901989718,6.79166901989718,-6.7));
#4019=CARTESIAN_POINT('',(-7.42194246854392,6.67922198568135,-5.7945734099333));
#4020=CARTESIAN_POINT('Origin',(0.,7.55097060228482,-6.71389886283722));
#4021=CARTESIAN_POINT('',(6.80629940183107,7.54901988469363,-6.7));
#4022=CARTESIAN_POINT('',(6.67922198568136,7.42194246854392,-5.7945734099333));
#4023=CARTESIAN_POINT('',(0.,7.54901988469363,-6.7));
#4024=CARTESIAN_POINT('Origin',(6.67922198568136,6.67922198568135,-5.89881488121225));
#4025=CARTESIAN_POINT('',(7.54901988469363,6.80629940183107,-6.7));
#4026=CARTESIAN_POINT('',(7.42194246854392,6.67922198568135,-5.7945734099333));
#4027=CARTESIAN_POINT('Origin',(6.79166901989718,6.79166901989718,-6.7));
#4028=CARTESIAN_POINT('Origin',(7.55097060228482,0.,-6.71389886283722));
#4029=CARTESIAN_POINT('',(7.54901988469363,-6.80629940183107,-6.7));
#4030=CARTESIAN_POINT('',(7.42194246854392,-6.67922198568136,-5.7945734099333));
#4031=CARTESIAN_POINT('',(7.54901988469363,0.,-6.7));
#4032=CARTESIAN_POINT('Origin',(-2.6E-16,2.6E-16,-1.));
#4033=CARTESIAN_POINT('Origin',(6.67922198568135,-6.67922198568136,-5.89881488121225));
#4034=CARTESIAN_POINT('',(6.80629940183107,-7.54901988469363,-6.7));
#4035=CARTESIAN_POINT('',(6.67922198568135,-7.42194246854392,-5.7945734099333));
#4036=CARTESIAN_POINT('Origin',(6.79166901989718,-6.79166901989718,-6.7));
#4037=CARTESIAN_POINT('Origin',(0.,-7.55097060228482,-6.71389886283722));
#4038=CARTESIAN_POINT('',(-6.80629940183107,-7.54901988469363,-6.7));
#4039=CARTESIAN_POINT('',(-6.67922198568135,-7.42194246854392,-5.7945734099333));
#4040=CARTESIAN_POINT('',(0.,-7.54901988469363,-6.7));
#4041=CARTESIAN_POINT('Origin',(-6.67922198568135,-6.67922198568136,-5.89881488121225));
#4042=CARTESIAN_POINT('',(-7.54901988469363,-6.80629940183107,-6.7));
#4043=CARTESIAN_POINT('',(-7.42194246854392,-6.67922198568136,-5.7945734099333));
#4044=CARTESIAN_POINT('Origin',(-6.79166901989718,-6.79166901989718,-6.7));
#4045=CARTESIAN_POINT('Origin',(-7.55097060228482,0.,-6.71389886283722));
#4046=CARTESIAN_POINT('',(-7.54901988469363,0.,-6.7));
#4047=CARTESIAN_POINT('Origin',(-1.2E-16,-4.E-17,-7.6));
#4048=CARTESIAN_POINT('',(0.75,0.75,-7.6));
#4049=CARTESIAN_POINT('',(0.75,2.2,-7.6));
#4050=CARTESIAN_POINT('',(0.75,0.55,-7.6));
#4051=CARTESIAN_POINT('',(-0.75,2.2,-7.6));
#4052=CARTESIAN_POINT('',(0.55,2.2,-7.6));
#4053=CARTESIAN_POINT('',(-0.75,0.75,-7.6));
#4054=CARTESIAN_POINT('',(-0.75,2.,-7.6));
#4055=CARTESIAN_POINT('',(-2.2,0.75,-7.6));
#4056=CARTESIAN_POINT('',(-0.55,0.75,-7.6));
#4057=CARTESIAN_POINT('',(-2.2,-0.75,-7.6));
#4058=CARTESIAN_POINT('',(-2.2,0.55,-7.6));
#4059=CARTESIAN_POINT('',(-0.75,-0.75,-7.6));
#4060=CARTESIAN_POINT('',(-2.,-0.75,-7.6));
#4061=CARTESIAN_POINT('',(-0.75,-2.2,-7.6));
#4062=CARTESIAN_POINT('',(-0.75,-0.55,-7.6));
#4063=CARTESIAN_POINT('',(0.75,-2.2,-7.6));
#4064=CARTESIAN_POINT('',(-0.55,-2.2,-7.6));
#4065=CARTESIAN_POINT('',(0.75,-0.75,-7.6));
#4066=CARTESIAN_POINT('',(0.75,-2.,-7.6));
#4067=CARTESIAN_POINT('',(2.2,-0.75,-7.6));
#4068=CARTESIAN_POINT('',(0.55,-0.75,-7.6));
#4069=CARTESIAN_POINT('',(2.2,0.75,-7.6));
#4070=CARTESIAN_POINT('',(2.2,-0.55,-7.6));
#4071=CARTESIAN_POINT('',(2.,0.75,-7.6));
#4072=CARTESIAN_POINT('Origin',(0.65,0.55,-7.5));
#4073=CARTESIAN_POINT('',(0.65,0.65,-7.5));
#4074=CARTESIAN_POINT('',(0.858333333333,0.858333333333,-7.708333333333));
#4075=CARTESIAN_POINT('',(0.65,2.1,-7.5));
#4076=CARTESIAN_POINT('',(0.65,0.55,-7.5));
#4077=CARTESIAN_POINT('',(0.375,1.825,-7.225));
#4078=CARTESIAN_POINT('Origin',(2.,0.65,-7.5));
#4079=CARTESIAN_POINT('',(2.1,0.65,-7.5));
#4080=CARTESIAN_POINT('',(1.883333333333,0.433333333333,-7.283333333333));
#4081=CARTESIAN_POINT('',(2.,0.65,-7.5));
#4082=CARTESIAN_POINT('Origin',(0.55,2.1,-7.5));
#4083=CARTESIAN_POINT('',(-0.65,2.1,-7.5));
#4084=CARTESIAN_POINT('',(0.55,2.1,-7.5));
#4085=CARTESIAN_POINT('',(-0.433333333333,1.883333333333,-7.283333333333));
#4086=CARTESIAN_POINT('Origin',(2.1,-0.55,-7.5));
#4087=CARTESIAN_POINT('',(2.1,-0.65,-7.5));
#4088=CARTESIAN_POINT('',(1.825,-0.375,-7.225));
#4089=CARTESIAN_POINT('',(2.1,-0.55,-7.5));
#4090=CARTESIAN_POINT('Origin',(-0.65,2.,-7.5));
#4091=CARTESIAN_POINT('',(-0.65,0.65,-7.5));
#4092=CARTESIAN_POINT('',(-0.65,2.,-7.5));
#4093=CARTESIAN_POINT('',(-0.858333333333,0.858333333333,-7.708333333333));
#4094=CARTESIAN_POINT('Origin',(0.55,-0.65,-7.5));
#4095=CARTESIAN_POINT('',(0.65,-0.65,-7.5));
#4096=CARTESIAN_POINT('',(0.858333333333,-0.858333333333,-7.708333333333));
#4097=CARTESIAN_POINT('',(0.55,-0.65,-7.5));
#4098=CARTESIAN_POINT('Origin',(-0.55,0.65,-7.5));
#4099=CARTESIAN_POINT('',(-2.1,0.65,-7.5));
#4100=CARTESIAN_POINT('',(-0.55,0.65,-7.5));
#4101=CARTESIAN_POINT('',(-1.825,0.375,-7.225));
#4102=CARTESIAN_POINT('Origin',(0.65,-2.,-7.5));
#4103=CARTESIAN_POINT('',(0.65,-2.1,-7.5));
#4104=CARTESIAN_POINT('',(0.433333333333,-1.883333333333,-7.283333333333));
#4105=CARTESIAN_POINT('',(0.65,-2.,-7.5));
#4106=CARTESIAN_POINT('Origin',(-2.1,0.55,-7.5));
#4107=CARTESIAN_POINT('',(-2.1,-0.65,-7.5));
#4108=CARTESIAN_POINT('',(-2.1,0.55,-7.5));
#4109=CARTESIAN_POINT('',(-1.883333333333,-0.433333333333,-7.283333333333));
#4110=CARTESIAN_POINT('Origin',(-0.55,-2.1,-7.5));
#4111=CARTESIAN_POINT('',(-0.65,-2.1,-7.5));
#4112=CARTESIAN_POINT('',(-0.375,-1.825,-7.225));
#4113=CARTESIAN_POINT('',(-0.55,-2.1,-7.5));
#4114=CARTESIAN_POINT('Origin',(-2.,-0.65,-7.5));
#4115=CARTESIAN_POINT('',(-0.65,-0.65,-7.5));
#4116=CARTESIAN_POINT('',(-2.,-0.65,-7.5));
#4117=CARTESIAN_POINT('',(-0.858333333333,-0.858333333333,-7.708333333333));
#4118=CARTESIAN_POINT('Origin',(-0.65,-0.55,-7.5));
#4119=CARTESIAN_POINT('',(-0.65,-0.55,-7.5));
#4120=CARTESIAN_POINT('Origin',(0.65,0.55,-2.));
#4121=CARTESIAN_POINT('',(0.65,0.65,-2.));
#4122=CARTESIAN_POINT('',(0.65,0.65,-2.));
#4123=CARTESIAN_POINT('',(0.65,2.1,-2.));
#4124=CARTESIAN_POINT('',(0.65,0.275,-2.));
#4125=CARTESIAN_POINT('',(0.65,2.1,-2.));
#4126=CARTESIAN_POINT('Origin',(2.,0.65,-2.));
#4127=CARTESIAN_POINT('',(2.1,0.65,-2.));
#4128=CARTESIAN_POINT('',(2.1,0.65,-2.));
#4129=CARTESIAN_POINT('',(1.,0.65,-2.));
#4130=CARTESIAN_POINT('Origin',(0.55,2.1,-2.));
#4131=CARTESIAN_POINT('',(-0.65,2.1,-2.));
#4132=CARTESIAN_POINT('',(0.275,2.1,-2.));
#4133=CARTESIAN_POINT('',(-0.65,2.1,-2.));
#4134=CARTESIAN_POINT('Origin',(2.1,-0.55,-2.));
#4135=CARTESIAN_POINT('',(2.1,-0.65,-2.));
#4136=CARTESIAN_POINT('',(2.1,-0.65,-2.));
#4137=CARTESIAN_POINT('',(2.1,-0.275,-2.));
#4138=CARTESIAN_POINT('Origin',(-0.65,2.,-2.));
#4139=CARTESIAN_POINT('',(-0.65,0.65,-2.));
#4140=CARTESIAN_POINT('',(-0.65,1.,-2.));
#4141=CARTESIAN_POINT('',(-0.65,0.65,-2.));
#4142=CARTESIAN_POINT('Origin',(0.55,-0.65,-2.));
#4143=CARTESIAN_POINT('',(0.65,-0.65,-2.));
#4144=CARTESIAN_POINT('',(0.65,-0.65,-2.));
#4145=CARTESIAN_POINT('',(0.275,-0.65,-2.));
#4146=CARTESIAN_POINT('Origin',(-0.55,0.65,-2.));
#4147=CARTESIAN_POINT('',(-2.1,0.65,-2.));
#4148=CARTESIAN_POINT('',(-0.275,0.65,-2.));
#4149=CARTESIAN_POINT('',(-2.1,0.65,-2.));
#4150=CARTESIAN_POINT('Origin',(0.65,-2.,-2.));
#4151=CARTESIAN_POINT('',(0.65,-2.1,-2.));
#4152=CARTESIAN_POINT('',(0.65,-2.1,-2.));
#4153=CARTESIAN_POINT('',(0.65,-1.,-2.));
#4154=CARTESIAN_POINT('Origin',(-2.1,0.55,-2.));
#4155=CARTESIAN_POINT('',(-2.1,-0.65,-2.));
#4156=CARTESIAN_POINT('',(-2.1,0.275,-2.));
#4157=CARTESIAN_POINT('',(-2.1,-0.65,-2.));
#4158=CARTESIAN_POINT('Origin',(-0.55,-2.1,-2.));
#4159=CARTESIAN_POINT('',(-0.65,-2.1,-2.));
#4160=CARTESIAN_POINT('',(-0.65,-2.1,-2.));
#4161=CARTESIAN_POINT('',(-0.275,-2.1,-2.));
#4162=CARTESIAN_POINT('Origin',(-2.,-0.65,-2.));
#4163=CARTESIAN_POINT('',(-0.65,-0.65,-2.));
#4164=CARTESIAN_POINT('',(-1.,-0.65,-2.));
#4165=CARTESIAN_POINT('',(-0.65,-0.65,-2.));
#4166=CARTESIAN_POINT('Origin',(-0.65,-0.55,-2.));
#4167=CARTESIAN_POINT('',(-0.65,-0.275,-2.));
#4168=CARTESIAN_POINT('Origin',(-2.6E-16,2.6E-16,-2.));
#4169=CARTESIAN_POINT('',(5.930549724129,-5.980549724129,-2.));
#4170=CARTESIAN_POINT('',(5.98054972413451,-5.93054972543317,-2.00000000003885));
#4171=CARTESIAN_POINT('Origin',(5.980549724129,-5.980549724129,-2.));
#4172=CARTESIAN_POINT('',(-5.93054972543314,-5.98054972413451,-2.00000000003885));
#4173=CARTESIAN_POINT('',(-1.3E-16,-5.980549724129,-2.));
#4174=CARTESIAN_POINT('',(-5.980549724129,-5.930549724129,-2.));
#4175=CARTESIAN_POINT('Origin',(-5.980549724129,-5.980549724129,-2.));
#4176=CARTESIAN_POINT('',(-5.98054972413451,5.93054972543314,-2.00000000003885));
#4177=CARTESIAN_POINT('',(-5.980549724129,1.3E-16,-2.));
#4178=CARTESIAN_POINT('',(-5.930549724129,5.980549724129,-2.));
#4179=CARTESIAN_POINT('Origin',(-5.980549724129,5.980549724129,-2.));
#4180=CARTESIAN_POINT('',(5.93054972543317,5.98054972413451,-2.00000000003885));
#4181=CARTESIAN_POINT('',(-1.3E-16,5.980549724129,-2.));
#4182=CARTESIAN_POINT('',(5.980549724129,5.930549724129,-2.));
#4183=CARTESIAN_POINT('Origin',(5.980549724129,5.980549724129,-2.));
#4184=CARTESIAN_POINT('',(5.980549724129,1.3E-16,-2.));
#4185=CARTESIAN_POINT('Origin',(-2.6E-16,2.6E-16,-2.));
#4186=CARTESIAN_POINT('Ctrl Pts',(5.740198846936,-6.640198846936,-6.7));
#4187=CARTESIAN_POINT('Ctrl Pts',(5.930549724129,-5.980549724129,-2.));
#4188=CARTESIAN_POINT('Ctrl Pts',(5.740198846935,-6.2052090949,-6.7));
#4189=CARTESIAN_POINT('Ctrl Pts',(5.930549724129,-5.956383626794,-2.));
#4190=CARTESIAN_POINT('Ctrl Pts',(5.967960198291,-5.770219168922,-6.700000000001));
#4191=CARTESIAN_POINT('Ctrl Pts',(5.943200341559,-5.932217985841,-2.));
#4192=CARTESIAN_POINT('Ctrl Pts',(6.423469341265,-5.465327507589,-6.699999999998));
#4193=CARTESIAN_POINT('Ctrl Pts',(5.96852304944,-5.915276119952,-2.));
#4194=CARTESIAN_POINT('Ctrl Pts',(7.025057908948,-5.42061641194,-6.700000000003));
#4195=CARTESIAN_POINT('Ctrl Pts',(6.001899118205,-5.912804661889,-2.));
#4196=CARTESIAN_POINT('Ctrl Pts',(7.608977965211,-5.709177038741,-6.699999999997));
#4197=CARTESIAN_POINT('Ctrl Pts',(6.034409487831,-5.928806902879,-2.));
#4198=CARTESIAN_POINT('Ctrl Pts',(7.975528828639,-6.289695941781,-6.7));
#4199=CARTESIAN_POINT('Ctrl Pts',(6.054716581747,-5.961104604128,-2.));
#4200=CARTESIAN_POINT('Ctrl Pts',(7.97552882855,-6.990701752094,-6.700000000005));
#4201=CARTESIAN_POINT('Ctrl Pts',(6.054716581748,-5.99999484413,-2.));
#4202=CARTESIAN_POINT('Ctrl Pts',(7.608977965283,-7.571220655125,-6.699999999993));
#4203=CARTESIAN_POINT('Ctrl Pts',(6.034409487831,-6.03229254538,-2.));
#4204=CARTESIAN_POINT('Ctrl Pts',(7.025057908902,-7.859781281939,-6.700000000007));
#4205=CARTESIAN_POINT('Ctrl Pts',(6.001899118204,-6.04829478637,-2.));
#4206=CARTESIAN_POINT('Ctrl Pts',(6.423469341288,-7.81507018628,-6.699999999996));
#4207=CARTESIAN_POINT('Ctrl Pts',(5.968523049442,-6.045823328306,-2.));
#4208=CARTESIAN_POINT('Ctrl Pts',(5.967960198283,-7.510178524952,-6.700000000002));
#4209=CARTESIAN_POINT('Ctrl Pts',(5.943200341558,-6.028881462419,-2.));
#4210=CARTESIAN_POINT('Ctrl Pts',(5.740198846937,-7.075188598972,-6.7));
#4211=CARTESIAN_POINT('Ctrl Pts',(5.930549724129,-6.004715821465,-2.));
#4212=CARTESIAN_POINT('Ctrl Pts',(5.740198846936,-6.640198846936,-6.7));
#4213=CARTESIAN_POINT('Ctrl Pts',(5.930549724129,-5.980549724129,-2.));
#4214=CARTESIAN_POINT('',(5.740198846936,-6.640198846936,-6.7));
#4215=CARTESIAN_POINT('',(5.740198846936,-6.640198846936,-6.7));
#4216=CARTESIAN_POINT('',(6.64019884693333,-5.74019884738247,-6.70000000000003));
#4217=CARTESIAN_POINT('',(6.640198846936,-5.740198848275,-6.7));
#4218=CARTESIAN_POINT('Origin',(6.640198846936,-6.640198846936,-6.7));
#4219=CARTESIAN_POINT('Origin',(6.259706022848,0.,-3.988988628372));
#4220=CARTESIAN_POINT('',(6.640198846936,5.740198846936,-6.7));
#4221=CARTESIAN_POINT('',(6.640198846936,5.740198846936,-6.7));
#4222=CARTESIAN_POINT('',(6.640198846936,0.,-6.7));
#4223=CARTESIAN_POINT('Ctrl Pts',(6.640198846936,5.740198846936,-6.7));
#4224=CARTESIAN_POINT('Ctrl Pts',(5.980549724129,5.930549724129,-2.));
#4225=CARTESIAN_POINT('Ctrl Pts',(6.2052090949,5.740198846935,-6.7));
#4226=CARTESIAN_POINT('Ctrl Pts',(5.956383626794,5.930549724129,-2.));
#4227=CARTESIAN_POINT('Ctrl Pts',(5.770219168922,5.967960198291,-6.700000000001));
#4228=CARTESIAN_POINT('Ctrl Pts',(5.932217985841,5.943200341559,-2.));
#4229=CARTESIAN_POINT('Ctrl Pts',(5.465327507589,6.423469341265,-6.699999999998));
#4230=CARTESIAN_POINT('Ctrl Pts',(5.915276119952,5.96852304944,-2.));
#4231=CARTESIAN_POINT('Ctrl Pts',(5.42061641194,7.025057908948,-6.700000000003));
#4232=CARTESIAN_POINT('Ctrl Pts',(5.912804661889,6.001899118205,-2.));
#4233=CARTESIAN_POINT('Ctrl Pts',(5.709177038741,7.608977965211,-6.699999999997));
#4234=CARTESIAN_POINT('Ctrl Pts',(5.928806902879,6.034409487831,-2.));
#4235=CARTESIAN_POINT('Ctrl Pts',(6.289695941781,7.975528828639,-6.7));
#4236=CARTESIAN_POINT('Ctrl Pts',(5.961104604128,6.054716581747,-2.));
#4237=CARTESIAN_POINT('Ctrl Pts',(6.990701752094,7.97552882855,-6.700000000005));
#4238=CARTESIAN_POINT('Ctrl Pts',(5.99999484413,6.054716581748,-2.));
#4239=CARTESIAN_POINT('Ctrl Pts',(7.571220655125,7.608977965283,-6.699999999993));
#4240=CARTESIAN_POINT('Ctrl Pts',(6.03229254538,6.034409487831,-2.));
#4241=CARTESIAN_POINT('Ctrl Pts',(7.859781281939,7.025057908902,-6.700000000007));
#4242=CARTESIAN_POINT('Ctrl Pts',(6.04829478637,6.001899118204,-2.));
#4243=CARTESIAN_POINT('Ctrl Pts',(7.81507018628,6.423469341288,-6.699999999996));
#4244=CARTESIAN_POINT('Ctrl Pts',(6.045823328306,5.968523049442,-2.));
#4245=CARTESIAN_POINT('Ctrl Pts',(7.510178524952,5.967960198283,-6.700000000002));
#4246=CARTESIAN_POINT('Ctrl Pts',(6.028881462419,5.943200341558,-2.));
#4247=CARTESIAN_POINT('Ctrl Pts',(7.075188598972,5.740198846937,-6.7));
#4248=CARTESIAN_POINT('Ctrl Pts',(6.004715821465,5.930549724129,-2.));
#4249=CARTESIAN_POINT('Ctrl Pts',(6.640198846936,5.740198846936,-6.7));
#4250=CARTESIAN_POINT('Ctrl Pts',(5.980549724129,5.930549724129,-2.));
#4251=CARTESIAN_POINT('',(5.74019884738247,6.64019884693333,-6.70000000000003));
#4252=CARTESIAN_POINT('',(5.740198848275,6.640198846936,-6.7));
#4253=CARTESIAN_POINT('Origin',(6.640198846936,6.640198846936,-6.7));
#4254=CARTESIAN_POINT('Origin',(0.,6.259706022848,-3.988988628372));
#4255=CARTESIAN_POINT('',(-5.740198846936,6.640198846936,-6.7));
#4256=CARTESIAN_POINT('',(0.,6.640198846936,-6.7));
#4257=CARTESIAN_POINT('',(-5.740198846936,6.640198846936,-6.7));
#4258=CARTESIAN_POINT('Ctrl Pts',(-5.740198846936,6.640198846936,-6.7));
#4259=CARTESIAN_POINT('Ctrl Pts',(-5.930549724129,5.980549724129,-2.));
#4260=CARTESIAN_POINT('Ctrl Pts',(-5.740198846935,6.2052090949,-6.7));
#4261=CARTESIAN_POINT('Ctrl Pts',(-5.930549724129,5.956383626794,-2.));
#4262=CARTESIAN_POINT('Ctrl Pts',(-5.967960198291,5.770219168922,-6.700000000001));
#4263=CARTESIAN_POINT('Ctrl Pts',(-5.943200341559,5.93221798584,-2.));
#4264=CARTESIAN_POINT('Ctrl Pts',(-6.423469341265,5.465327507589,-6.699999999998));
#4265=CARTESIAN_POINT('Ctrl Pts',(-5.96852304944,5.915276119952,-2.));
#4266=CARTESIAN_POINT('Ctrl Pts',(-7.025057908948,5.42061641194,-6.700000000003));
#4267=CARTESIAN_POINT('Ctrl Pts',(-6.001899118205,5.912804661889,-2.));
#4268=CARTESIAN_POINT('Ctrl Pts',(-7.608977965211,5.709177038741,-6.699999999997));
#4269=CARTESIAN_POINT('Ctrl Pts',(-6.034409487831,5.928806902879,-2.));
#4270=CARTESIAN_POINT('Ctrl Pts',(-7.975528828639,6.289695941781,-6.7));
#4271=CARTESIAN_POINT('Ctrl Pts',(-6.054716581747,5.961104604128,-2.));
#4272=CARTESIAN_POINT('Ctrl Pts',(-7.97552882855,6.990701752094,-6.700000000005));
#4273=CARTESIAN_POINT('Ctrl Pts',(-6.054716581748,5.99999484413,-2.));
#4274=CARTESIAN_POINT('Ctrl Pts',(-7.608977965283,7.571220655125,-6.699999999993));
#4275=CARTESIAN_POINT('Ctrl Pts',(-6.034409487831,6.03229254538,-2.));
#4276=CARTESIAN_POINT('Ctrl Pts',(-7.025057908902,7.859781281939,-6.700000000007));
#4277=CARTESIAN_POINT('Ctrl Pts',(-6.001899118204,6.04829478637,-2.));
#4278=CARTESIAN_POINT('Ctrl Pts',(-6.423469341288,7.81507018628,-6.699999999996));
#4279=CARTESIAN_POINT('Ctrl Pts',(-5.968523049442,6.045823328306,-2.));
#4280=CARTESIAN_POINT('Ctrl Pts',(-5.967960198283,7.510178524952,-6.700000000002));
#4281=CARTESIAN_POINT('Ctrl Pts',(-5.943200341558,6.028881462419,-2.));
#4282=CARTESIAN_POINT('Ctrl Pts',(-5.740198846937,7.075188598972,-6.7));
#4283=CARTESIAN_POINT('Ctrl Pts',(-5.930549724129,6.004715821465,-2.));
#4284=CARTESIAN_POINT('Ctrl Pts',(-5.740198846936,6.640198846936,-6.7));
#4285=CARTESIAN_POINT('Ctrl Pts',(-5.930549724129,5.980549724129,-2.));
#4286=CARTESIAN_POINT('',(-6.64019884693333,5.74019884738247,-6.70000000000003));
#4287=CARTESIAN_POINT('',(-6.640198846936,5.740198848275,-6.7));
#4288=CARTESIAN_POINT('Origin',(-6.640198846936,6.640198846936,-6.7));
#4289=CARTESIAN_POINT('Origin',(-6.259706022848,0.,-3.988988628372));
#4290=CARTESIAN_POINT('',(-6.640198846936,-5.740198846936,-6.7));
#4291=CARTESIAN_POINT('',(-6.640198846936,0.,-6.7));
#4292=CARTESIAN_POINT('',(-6.640198846936,-5.740198846936,-6.7));
#4293=CARTESIAN_POINT('Ctrl Pts',(-6.640198846936,-5.740198846936,-6.7));
#4294=CARTESIAN_POINT('Ctrl Pts',(-5.980549724129,-5.930549724129,-2.));
#4295=CARTESIAN_POINT('Ctrl Pts',(-6.2052090949,-5.740198846935,-6.7));
#4296=CARTESIAN_POINT('Ctrl Pts',(-5.956383626794,-5.930549724129,-2.));
#4297=CARTESIAN_POINT('Ctrl Pts',(-5.770219168922,-5.967960198291,-6.700000000001));
#4298=CARTESIAN_POINT('Ctrl Pts',(-5.93221798584,-5.943200341559,-2.));
#4299=CARTESIAN_POINT('Ctrl Pts',(-5.465327507589,-6.423469341265,-6.699999999998));
#4300=CARTESIAN_POINT('Ctrl Pts',(-5.915276119952,-5.96852304944,-2.));
#4301=CARTESIAN_POINT('Ctrl Pts',(-5.42061641194,-7.025057908948,-6.700000000003));
#4302=CARTESIAN_POINT('Ctrl Pts',(-5.912804661889,-6.001899118205,-2.));
#4303=CARTESIAN_POINT('Ctrl Pts',(-5.709177038741,-7.608977965211,-6.699999999997));
#4304=CARTESIAN_POINT('Ctrl Pts',(-5.928806902879,-6.034409487831,-2.));
#4305=CARTESIAN_POINT('Ctrl Pts',(-6.289695941781,-7.975528828639,-6.7));
#4306=CARTESIAN_POINT('Ctrl Pts',(-5.961104604128,-6.054716581747,-2.));
#4307=CARTESIAN_POINT('Ctrl Pts',(-6.990701752094,-7.97552882855,-6.700000000005));
#4308=CARTESIAN_POINT('Ctrl Pts',(-5.99999484413,-6.054716581748,-2.));
#4309=CARTESIAN_POINT('Ctrl Pts',(-7.571220655125,-7.608977965283,-6.699999999993));
#4310=CARTESIAN_POINT('Ctrl Pts',(-6.03229254538,-6.034409487831,-2.));
#4311=CARTESIAN_POINT('Ctrl Pts',(-7.859781281939,-7.025057908902,-6.700000000007));
#4312=CARTESIAN_POINT('Ctrl Pts',(-6.04829478637,-6.001899118204,-2.));
#4313=CARTESIAN_POINT('Ctrl Pts',(-7.81507018628,-6.423469341288,-6.699999999996));
#4314=CARTESIAN_POINT('Ctrl Pts',(-6.045823328306,-5.968523049442,-2.));
#4315=CARTESIAN_POINT('Ctrl Pts',(-7.510178524952,-5.967960198283,-6.700000000002));
#4316=CARTESIAN_POINT('Ctrl Pts',(-6.028881462419,-5.943200341558,-2.));
#4317=CARTESIAN_POINT('Ctrl Pts',(-7.075188598972,-5.740198846937,-6.7));
#4318=CARTESIAN_POINT('Ctrl Pts',(-6.004715821465,-5.930549724129,-2.));
#4319=CARTESIAN_POINT('Ctrl Pts',(-6.640198846936,-5.740198846936,-6.7));
#4320=CARTESIAN_POINT('Ctrl Pts',(-5.980549724129,-5.930549724129,-2.));
#4321=CARTESIAN_POINT('',(-5.74019884738247,-6.64019884693333,-6.70000000000003));
#4322=CARTESIAN_POINT('',(-5.740198848275,-6.640198846936,-6.7));
#4323=CARTESIAN_POINT('Origin',(-6.640198846936,-6.640198846936,-6.7));
#4324=CARTESIAN_POINT('Origin',(0.,-6.259706022848,-3.988988628372));
#4325=CARTESIAN_POINT('',(0.,-6.640198846936,-6.7));
#4326=CARTESIAN_POINT('Origin',(0.,0.,-6.7));
#4327=CARTESIAN_POINT('',(0.,0.,0.05));
#4328=CARTESIAN_POINT('',(0.,0.,0.));
#4329=CARTESIAN_POINT('Origin',(0.,0.,0.));
#4330=UNCERTAINTY_MEASURE_WITH_UNIT(LENGTH_MEASURE(0.01),#4338,
'DISTANCE_ACCURACY_VALUE',
'Maximum model space distance between geometric entities at asserted c
onnectivities');
#4331=UNCERTAINTY_MEASURE_WITH_UNIT(LENGTH_MEASURE(0.01),#4338,
'DISTANCE_ACCURACY_VALUE',
'Maximum model space distance between geometric entities at asserted c
onnectivities');
#4332=UNCERTAINTY_MEASURE_WITH_UNIT(LENGTH_MEASURE(0.01),#4338,
'DISTANCE_ACCURACY_VALUE',
'Maximum model space distance between geometric entities at asserted c
onnectivities');
#4333=UNCERTAINTY_MEASURE_WITH_UNIT(LENGTH_MEASURE(0.01),#4338,
'DISTANCE_ACCURACY_VALUE',
'Maximum model space distance between geometric entities at asserted c
onnectivities');
#4334=(
GEOMETRIC_REPRESENTATION_CONTEXT(3)
GLOBAL_UNCERTAINTY_ASSIGNED_CONTEXT((#4330))
GLOBAL_UNIT_ASSIGNED_CONTEXT((#4338,#4340,#4341))
REPRESENTATION_CONTEXT('','3D')
);
#4335=(
GEOMETRIC_REPRESENTATION_CONTEXT(3)
GLOBAL_UNCERTAINTY_ASSIGNED_CONTEXT((#4331))
GLOBAL_UNIT_ASSIGNED_CONTEXT((#4338,#4340,#4341))
REPRESENTATION_CONTEXT('','3D')
);
#4336=(
GEOMETRIC_REPRESENTATION_CONTEXT(3)
GLOBAL_UNCERTAINTY_ASSIGNED_CONTEXT((#4332))
GLOBAL_UNIT_ASSIGNED_CONTEXT((#4338,#4340,#4341))
REPRESENTATION_CONTEXT('','3D')
);
#4337=(
GEOMETRIC_REPRESENTATION_CONTEXT(3)
GLOBAL_UNCERTAINTY_ASSIGNED_CONTEXT((#4333))
GLOBAL_UNIT_ASSIGNED_CONTEXT((#4338,#4340,#4341))
REPRESENTATION_CONTEXT('','3D')
);
#4338=(
LENGTH_UNIT()
NAMED_UNIT(*)
SI_UNIT(.MILLI.,.METRE.)
);
#4339=(
LENGTH_UNIT()
NAMED_UNIT(*)
SI_UNIT($,.METRE.)
);
#4340=(
NAMED_UNIT(*)
PLANE_ANGLE_UNIT()
SI_UNIT($,.RADIAN.)
);
#4341=(
NAMED_UNIT(*)
SI_UNIT($,.STERADIAN.)
SOLID_ANGLE_UNIT()
);
#4342=SHAPE_DEFINITION_REPRESENTATION(#4345,#4350);
#4343=SHAPE_DEFINITION_REPRESENTATION(#4346,#4351);
#4344=SHAPE_DEFINITION_REPRESENTATION(#4347,#4352);
#4345=PRODUCT_DEFINITION_SHAPE('',$,#4354);
#4346=PRODUCT_DEFINITION_SHAPE('',$,#4355);
#4347=PRODUCT_DEFINITION_SHAPE('',$,#4356);
#4348=PRODUCT_DEFINITION_SHAPE($,$,#21);
#4349=PRODUCT_DEFINITION_SHAPE($,$,#22);
#4350=SHAPE_REPRESENTATION('',(#1989,#2139,#2140),#4334);
#4351=SHAPE_REPRESENTATION('',(#1990),#4335);
#4352=SHAPE_REPRESENTATION('',(#2049),#4336);
#4353=PRODUCT_DEFINITION_CONTEXT('part definition',#4364,'design');
#4354=PRODUCT_DEFINITION('beschr__Kappe','beschr. Kappe v1',#4357,#4353);
#4355=PRODUCT_DEFINITION('beschr. Kappe Abdeckung','Cover',#4358,#4353);
#4356=PRODUCT_DEFINITION('beschr. Kappe Unterteil','Base',#4359,#4353);
#4357=PRODUCT_DEFINITION_FORMATION('',$,#4366);
#4358=PRODUCT_DEFINITION_FORMATION('',$,#4367);
#4359=PRODUCT_DEFINITION_FORMATION('',$,#4368);
#4360=PRODUCT_RELATED_PRODUCT_CATEGORY('beschr. Kappe v1',
'beschr. Kappe v1',(#4366));
#4361=PRODUCT_RELATED_PRODUCT_CATEGORY('Cover','Cover',(#4367));
#4362=PRODUCT_RELATED_PRODUCT_CATEGORY('Base','Base',(#4368));
#4363=APPLICATION_PROTOCOL_DEFINITION('international standard',
'automotive_design',2009,#4364);
#4364=APPLICATION_CONTEXT(
'Core Data for Automotive Mechanical Design Process');
#4365=PRODUCT_CONTEXT('part definition',#4364,'mechanical');
#4366=PRODUCT('beschr__Kappe','beschr. Kappe v1','FreeCAD Model',(#4365));
#4367=PRODUCT('beschr. Kappe Abdeckung','Cover',$,(#4365));
#4368=PRODUCT('beschr. Kappe Unterteil','Base',$,(#4365));
#4369=PRESENTATION_STYLE_ASSIGNMENT((#4373));
#4370=PRESENTATION_STYLE_ASSIGNMENT((#4374));
#4371=PRESENTATION_STYLE_ASSIGNMENT((#4375));
#4372=PRESENTATION_STYLE_ASSIGNMENT((NULL_STYLE(.NULL.)));
#4373=SURFACE_STYLE_USAGE(.BOTH.,#4376);
#4374=SURFACE_STYLE_USAGE(.BOTH.,#4377);
#4375=SURFACE_STYLE_USAGE(.BOTH.,#4378);
#4376=SURFACE_SIDE_STYLE('',(#4379));
#4377=SURFACE_SIDE_STYLE('',(#4380));
#4378=SURFACE_SIDE_STYLE('',(#4381));
#4379=SURFACE_STYLE_FILL_AREA(#4382);
#4380=SURFACE_STYLE_FILL_AREA(#4383);
#4381=SURFACE_STYLE_FILL_AREA(#4384);
#4382=FILL_AREA_STYLE('Opaque(224,228,198)',(#4385));
#4383=FILL_AREA_STYLE('Steel - Satin',(#4386));
#4384=FILL_AREA_STYLE('Tough 2000 (with Formlabs SLA 3D Printers)',(#4387));
#4385=FILL_AREA_STYLE_COLOUR('Opaque(224,228,198)',#4388);
#4386=FILL_AREA_STYLE_COLOUR('Steel - Satin',#4389);
#4387=FILL_AREA_STYLE_COLOUR(
'Tough 2000 (with Formlabs SLA 3D Printers)',#4390);
#4388=COLOUR_RGB('Opaque(224,228,198)',0.87843137254902,0.894117647058824,
0.776470588235294);
#4389=COLOUR_RGB('Steel - Satin',0.627450980392157,0.627450980392157,0.627450980392157);
#4390=COLOUR_RGB('Tough 2000 (with Formlabs SLA 3D Printers)',0.247058823529412,
0.247058823529412,0.247058823529412);
ENDSEC;
END-ISO-10303-21;
